-- =============================================================
-- Nordic Loop — Synthetic Seed Data (500 material items)
-- Generated for portfolio/SQL practice purposes
-- =============================================================

-- ORGANISATIONS
INSERT INTO organisations (id, name, org_number, industry, city) VALUES
(1, 'Skanska Sverige AB', '556033-9086', 'construction', 'Stockholm'),
(2, 'Fabege AB', '556057-4815', 'property_management', 'Stockholm'),
(3, 'Peab AB', '556061-4330', 'construction', 'Malmö'),
(4, 'Castellum AB', '556475-5550', 'property_management', 'Gothenburg'),
(5, 'NCC AB', '556034-5174', 'construction', 'Solna'),
(6, 'Atrium Ljungberg AB', '556330-3965', 'property_management', 'Stockholm'),
(7, 'Bonava AB', '556928-0380', 'construction', 'Stockholm'),
(8, 'Mod:group AB', '556930-9833', 'construction', 'Stockholm');

-- USERS
INSERT INTO users (id, org_id, email, full_name, role, status, invited_by, invited_at, joined_at) VALUES
(1, 1, 'johan.lindqvist@skanska.se', 'Johan Lindqvist', 'admin', 'active', NULL, NULL, '2025-03-05 00:00:00'),
(2, 1, 'emma.andersson@skanska.se', 'Emma Andersson', 'member', 'active', 1, '2024-12-27 00:00:00', '2024-12-29 00:00:00'),
(3, 1, 'johan.holm@skanska.se', 'Johan Holm', 'member', 'active', 1, '2025-02-28 00:00:00', '2025-03-05 00:00:00'),
(4, 1, 'maria.bergström@skanska.se', 'Maria Bergström', 'member', 'active', 1, '2025-01-23 00:00:00', '2025-01-24 00:00:00'),
(5, 1, 'anna.eriksson@skanska.se', 'Anna Eriksson', 'member', 'active', 1, '2024-12-26 00:00:00', '2024-12-28 00:00:00'),
(6, 1, 'maja.bergström@skanska.se', 'Maja Bergström', 'member', 'active', 1, '2024-11-29 00:00:00', '2024-12-04 00:00:00'),
(7, 2, 'viktor.nilsson@fabege.se', 'Viktor Nilsson', 'admin', 'active', NULL, NULL, '2024-12-29 00:00:00'),
(8, 2, 'helena.bergström@fabege.se', 'Helena Bergström', 'member', 'active', 7, '2024-12-29 00:00:00', '2025-01-05 00:00:00'),
(9, 2, 'anna.lundberg@fabege.se', 'Anna Lundberg', 'member', 'active', 7, '2025-03-12 00:00:00', '2025-03-14 00:00:00'),
(10, 2, 'per.karlsson@fabege.se', 'Per Karlsson', 'member', 'active', 7, '2025-01-03 00:00:00', '2025-01-05 00:00:00'),
(11, 3, 'sofia.eriksson@peab.se', 'Sofia Eriksson', 'admin', 'active', NULL, NULL, '2024-12-12 00:00:00'),
(12, 3, 'linnea.eriksson@peab.se', 'Linnea Eriksson', 'member', 'active', 11, '2025-01-08 00:00:00', '2025-01-15 00:00:00'),
(13, 3, 'mikael.bergström@peab.se', 'Mikael Bergström', 'member', 'active', 11, '2024-12-27 00:00:00', '2025-01-03 00:00:00'),
(14, 3, 'erik.lindgren@peab.se', 'Erik Lindgren', 'member', 'active', 11, '2025-01-23 00:00:00', '2025-01-28 00:00:00'),
(15, 4, 'linnea.eriksson@castellum.se', 'Linnea Eriksson', 'admin', 'active', NULL, NULL, '2025-02-09 00:00:00'),
(16, 4, 'lars.wallin@castellum.se', 'Lars Wallin', 'member', 'active', 15, '2025-02-14 00:00:00', '2025-02-19 00:00:00'),
(17, 4, 'mikael.bergström@castellum.se', 'Mikael Bergström', 'member', 'active', 15, '2024-12-19 00:00:00', '2024-12-25 00:00:00'),
(18, 4, 'maria.lindqvist@castellum.se', 'Maria Lindqvist', 'member', 'active', 15, '2025-02-21 00:00:00', '2025-02-23 00:00:00'),
(19, 5, 'maria.wallin@ncc.se', 'Maria Wallin', 'admin', 'active', NULL, NULL, '2024-12-30 00:00:00'),
(20, 5, 'johan.nilsson@ncc.se', 'Johan Nilsson', 'member', 'active', 19, '2025-01-01 00:00:00', '2025-01-05 00:00:00'),
(21, 5, 'mikael.johansson@ncc.se', 'Mikael Johansson', 'member', 'active', 19, '2025-01-14 00:00:00', '2025-01-17 00:00:00'),
(22, 5, 'sara.holm@ncc.se', 'Sara Holm', 'member', 'active', 19, '2024-12-29 00:00:00', '2025-01-04 00:00:00'),
(23, 5, 'maria.bergström@ncc.se', 'Maria Bergström', 'member', 'active', 19, '2025-02-18 00:00:00', '2025-02-20 00:00:00'),
(24, 6, 'magnus.johansson@atriumljungberg.se', 'Magnus Johansson', 'admin', 'active', NULL, NULL, '2025-01-29 00:00:00'),
(25, 6, 'linnea.svensson@atriumljungberg.se', 'Linnea Svensson', 'member', 'active', 24, '2025-03-23 00:00:00', '2025-03-29 00:00:00'),
(26, 6, 'viktor.andersson@atriumljungberg.se', 'Viktor Andersson', 'member', 'active', 24, '2025-02-23 00:00:00', '2025-02-26 00:00:00'),
(27, 6, 'erik.andersson@atriumljungberg.se', 'Erik Andersson', 'member', 'active', 24, '2025-03-15 00:00:00', '2025-03-16 00:00:00'),
(28, 6, 'sofia.nilsson@atriumljungberg.se', 'Sofia Nilsson', 'member', 'active', 24, '2025-01-03 00:00:00', '2025-01-04 00:00:00'),
(29, 6, 'sara.bergström@atriumljungberg.se', 'Sara Bergström', 'member', 'active', 24, '2025-03-17 00:00:00', '2025-03-23 00:00:00'),
(30, 7, 'sara.holm@bonava.se', 'Sara Holm', 'admin', 'active', NULL, NULL, '2025-02-02 00:00:00'),
(31, 7, 'linnea.holm@bonava.se', 'Linnea Holm', 'member', 'active', 30, '2025-01-26 00:00:00', '2025-01-28 00:00:00'),
(32, 7, 'emma.johansson@bonava.se', 'Emma Johansson', 'member', 'active', 30, '2024-12-26 00:00:00', '2025-01-01 00:00:00'),
(33, 7, 'viktor.magnusson@bonava.se', 'Viktor Magnusson', 'member', 'active', 30, '2024-12-28 00:00:00', '2025-01-03 00:00:00'),
(34, 7, 'ida.nilsson@bonava.se', 'Ida Nilsson', 'member', 'active', 30, '2025-03-20 00:00:00', '2025-03-25 00:00:00'),
(35, 8, 'mikael.andersson@modgroup.se', 'Mikael Andersson', 'admin', 'active', NULL, NULL, '2024-12-18 00:00:00'),
(36, 8, 'maja.pettersson@modgroup.se', 'Maja Pettersson', 'member', 'active', 35, '2024-12-05 00:00:00', '2024-12-12 00:00:00'),
(37, 8, 'erik.wallin@modgroup.se', 'Erik Wallin', 'member', 'active', 35, '2024-12-13 00:00:00', '2024-12-15 00:00:00'),
(38, 8, 'anders.lundberg@modgroup.se', 'Anders Lundberg', 'member', 'active', 35, '2025-02-22 00:00:00', '2025-02-26 00:00:00'),
(39, 8, 'gustav.eriksson@modgroup.se', 'Gustav Eriksson', 'member', 'active', 35, '2025-01-15 00:00:00', '2025-01-19 00:00:00');

-- PROJECTS
INSERT INTO projects (id, org_id, name, location, start_date, end_date, is_active, created_by, created_at) VALUES
(1, 1, 'Citykvarteren 1', 'Linköping', '2025-01-09', '2026-02-09', TRUE, 1, '2025-01-09 00:00:00'),
(2, 1, 'Norra Länken 3', 'Linköping', '2025-02-12', '2026-03-02', TRUE, 1, '2025-02-12 00:00:00'),
(3, 1, 'Nya Torget 1', 'Linköping', '2025-02-15', '2027-05-17', FALSE, 1, '2025-02-15 00:00:00'),
(4, 1, 'Södra Hamnen 2', 'Gothenburg', '2025-02-27', '2025-09-01', TRUE, 1, '2025-02-27 00:00:00'),
(5, 1, 'Kv. Måsen 2', 'Stockholm', '2024-07-28', '2026-09-07', TRUE, 1, '2024-07-28 00:00:00'),
(6, 1, 'Kvarteret Kronan 2', 'Uppsala', '2024-06-30', '2026-05-05', TRUE, 1, '2024-06-30 00:00:00'),
(7, 2, 'Kungsholmen Campus 3', 'Gothenburg', '2024-10-14', '2027-02-23', TRUE, 7, '2024-10-14 00:00:00'),
(8, 2, 'Frösunda Business Park 2', 'Uppsala', '2024-09-11', '2026-07-17', TRUE, 7, '2024-09-11 00:00:00'),
(9, 2, 'Arenastaden Park 3', 'Örebro', '2025-01-11', '2027-02-12', TRUE, 7, '2025-01-11 00:00:00'),
(10, 3, 'Hamnpiren 1', 'Malmö', '2024-07-01', '2026-04-23', FALSE, 11, '2024-07-01 00:00:00'),
(11, 3, 'Järnvägsstaden 1', 'Örebro', '2024-07-07', '2027-02-09', FALSE, 11, '2024-07-07 00:00:00'),
(12, 3, 'Kv. Måsen 3', 'Helsingborg', '2024-09-18', '2027-03-07', FALSE, 11, '2024-09-18 00:00:00'),
(13, 3, 'Norra Länken 3', 'Helsingborg', '2024-10-03', '2026-12-29', TRUE, 11, '2024-10-03 00:00:00'),
(14, 4, 'Frösunda Business Park 2', 'Stockholm', '2024-07-21', '2025-11-02', TRUE, 15, '2024-07-21 00:00:00'),
(15, 4, 'Arenastaden Park 2', 'Malmö', '2024-10-06', '2026-03-16', FALSE, 15, '2024-10-06 00:00:00'),
(16, 4, 'Hyllie Tower 2', 'Gothenburg', '2025-01-03', '2026-03-07', TRUE, 15, '2025-01-03 00:00:00'),
(17, 4, 'Kungsholmen Campus 1', 'Malmö', '2025-01-13', '2027-03-18', FALSE, 15, '2025-01-13 00:00:00'),
(18, 5, 'Kvarteret Kronan 1', 'Västerås', '2024-07-01', '2026-02-16', TRUE, 19, '2024-07-01 00:00:00'),
(19, 5, 'Södra Hamnen 2', 'Linköping', '2025-01-19', '2026-06-20', TRUE, 19, '2025-01-19 00:00:00'),
(20, 5, 'Järnvägsstaden 3', 'Helsingborg', '2024-08-19', '2026-03-14', TRUE, 19, '2024-08-19 00:00:00'),
(21, 6, 'Södertälje Centrum 3', 'Gothenburg', '2024-06-30', '2027-02-03', FALSE, 24, '2024-06-30 00:00:00'),
(22, 6, 'Lager & Logistik Bromma 1', 'Malmö', '2024-07-05', '2026-04-29', TRUE, 24, '2024-07-05 00:00:00'),
(23, 6, 'Frösunda Business Park 3', 'Uppsala', '2024-06-21', '2027-05-28', FALSE, 24, '2024-06-21 00:00:00'),
(24, 7, 'Kvarteret Kronan 1', 'Linköping', '2025-01-21', '2026-07-21', TRUE, 30, '2025-01-21 00:00:00'),
(25, 7, 'Hamnpiren 1', 'Stockholm', '2025-01-21', '2027-05-30', TRUE, 30, '2025-01-21 00:00:00'),
(26, 7, 'Nya Torget 1', 'Malmö', '2024-09-18', '2027-02-01', TRUE, 30, '2024-09-18 00:00:00'),
(27, 7, 'Citykvarteren 2', 'Malmö', '2024-10-04', '2026-09-14', TRUE, 30, '2024-10-04 00:00:00'),
(28, 7, 'Södra Hamnen 2', 'Linköping', '2025-02-26', '2025-09-09', TRUE, 30, '2025-02-26 00:00:00'),
(29, 8, 'Citykvarteren 2', 'Linköping', '2024-09-16', '2026-08-18', FALSE, 35, '2024-09-16 00:00:00'),
(30, 8, 'Nya Torget 3', 'Linköping', '2025-02-14', '2027-01-14', TRUE, 35, '2025-02-14 00:00:00'),
(31, 8, 'Kv. Måsen 1', 'Malmö', '2025-01-03', '2026-06-11', FALSE, 35, '2025-01-03 00:00:00'),
(32, 8, 'Järnvägsstaden 2', 'Gothenburg', '2024-10-13', '2026-02-13', TRUE, 35, '2024-10-13 00:00:00'),
(33, 8, 'Kvarteret Kronan 3', 'Västerås', '2024-06-05', '2025-12-24', FALSE, 35, '2024-06-05 00:00:00');

-- MATERIAL ITEMS
INSERT INTO material_items (id, org_id, project_id, uploaded_by, title, quantity, unit, condition_grade, estimated_value_sek, category_id, subcategory_id, status, created_at) VALUES
(1, 3, 10, 13, 'Ventilation grille', 7.2, 'm2', 'good', 22525.05, 6, 62, 'externally_listed', '2025-05-21 00:00:00'),
(2, 3, 11, 12, 'HVAC unit', 1, 'pcs', 'good', 23149.94, 9, 96, 'externally_listed', '2025-11-27 00:00:00'),
(3, 7, 24, 33, 'Reception counter', 10, 'pcs', 'fair', 21847.41, 2, 27, 'available', '2025-08-07 00:00:00'),
(4, 7, 28, 32, 'Plumbing fixture', 6, 'pcs', 'good', 24596.99, 9, 95, 'draft', '2025-12-09 00:00:00'),
(5, 6, 23, 26, 'Glass partition wall', 13, 'm2', 'fair', 5156.93, 4, 48, 'draft', '2025-12-10 00:00:00'),
(6, 1, 5, 5, 'Glass sliding door', 14, 'pcs', 'new', 16773.82, 7, 73, 'available', '2025-10-08 00:00:00'),
(7, 6, 22, 29, 'Locker unit', 14, 'pcs', 'fair', 9789.06, 3, 32, 'externally_listed', '2025-07-29 00:00:00'),
(8, 6, 22, 27, 'Folding wall', 16, 'm2', 'fair', 24015.88, 4, 43, 'externally_listed', '2025-06-13 00:00:00'),
(9, 5, 18, 20, 'Meeting chair', 16, 'pcs', 'fair', 19327.99, 1, 10, 'internally_matched', '2026-02-19 00:00:00'),
(10, 1, 1, 4, 'Side table', 2, 'pcs', 'good', 22978.02, 2, 28, 'classified', '2025-07-08 00:00:00'),
(11, 7, 28, 33, 'Roof tile', 15, 'pcs', 'good', 6557.37, 8, 91, 'internally_matched', '2026-01-22 00:00:00'),
(12, 5, 19, 21, 'Insulation roll', 5, 'pcs', 'good', 17501.77, 8, 81, 'externally_listed', '2025-06-02 00:00:00'),
(13, 7, 28, 30, 'Rebar mesh', 16, 'pcs', 'new', 9118.09, 8, 92, 'externally_listed', '2025-12-01 00:00:00'),
(14, 8, 29, 38, 'Pallet racking', 6, 'pcs', 'fair', 23028.77, 3, 36, 'archived', '2026-01-29 00:00:00'),
(15, 8, 30, 35, 'Conference table', 15, 'pcs', 'good', 19150.13, 2, 25, 'available', '2025-12-02 00:00:00'),
(16, 4, 14, 15, 'Brick pallet', 1, 'pcs', 'fair', 6344.35, 8, 83, 'internally_matched', '2025-06-28 00:00:00'),
(17, 2, 7, 9, 'Bar stool', 19, 'pcs', 'fair', 23975.23, 1, 10, 'available', '2025-08-10 00:00:00'),
(18, 2, 9, 7, 'Pallet racking', 12, 'pcs', 'new', 16364.81, 3, 36, 'draft', '2025-12-02 00:00:00'),
(19, 8, 29, 38, 'Signage board', 5, 'pcs', 'good', 18477.98, 9, 101, 'archived', '2025-09-16 00:00:00'),
(20, 5, 19, 20, 'Concrete block', 15, 'pcs', 'good', 11885.36, 8, 81, 'internally_matched', '2025-11-11 00:00:00'),
(21, 5, 19, 21, 'Concrete block', 18, 'pcs', 'new', 23727.53, 8, 91, 'classified', '2025-11-25 00:00:00'),
(22, 2, 8, 8, 'Room divider', 19, 'm2', 'good', 14060.09, 4, 43, 'available', '2026-02-06 00:00:00'),
(23, 4, 16, 15, 'Insulation roll', 7, 'pcs', 'good', 12362.87, 8, 92, 'externally_listed', '2026-01-24 00:00:00'),
(24, 5, 18, 23, 'Office chair', 18, 'pcs', 'good', 23630.2, 1, 10, 'internally_matched', '2026-01-07 00:00:00'),
(25, 3, 10, 13, 'Mixed lot', 3, 'pcs', 'good', 2315.01, 9, 101, 'internally_matched', '2025-05-28 00:00:00'),
(26, 7, 28, 34, 'Rebar mesh', 15, 'pcs', 'poor', 7785.15, 8, 83, 'internally_matched', '2025-12-06 00:00:00'),
(27, 2, 7, 8, 'Conference table', 1, 'pcs', 'good', 17389.59, 2, 21, 'internally_matched', '2025-05-17 00:00:00'),
(28, 4, 17, 15, 'Laminate flooring', 41.5, 'm2', 'new', 4565.11, 5, 52, 'available', '2026-02-16 00:00:00'),
(29, 7, 26, 34, 'Carpet tiles', 30.3, 'm2', 'fair', 18496.08, 5, 57, 'internally_matched', '2025-05-14 00:00:00'),
(30, 8, 33, 38, 'LED light fitting', 14, 'pcs', 'fair', 12547.28, 9, 96, 'classified', '2025-10-26 00:00:00'),
(31, 8, 31, 38, 'Steel beam', 15, 'pcs', 'new', 6683.77, 8, 88, 'classified', '2025-11-23 00:00:00'),
(32, 6, 23, 27, 'Acoustic ceiling panel', 14.1, 'm2', 'good', 7556.71, 6, 60, 'externally_matched', '2026-01-04 00:00:00'),
(33, 7, 24, 31, 'HVAC unit', 4, 'pcs', 'fair', 4272.29, 9, 95, 'disposed', '2025-09-27 00:00:00'),
(34, 3, 13, 12, 'Mixed lot', 9, 'pcs', 'fair', 21433.1, 9, 96, 'available', '2026-01-15 00:00:00'),
(35, 8, 30, 38, 'Laminate flooring', 28.0, 'm2', 'good', 11655.94, 5, 55, 'available', '2025-08-05 00:00:00'),
(36, 7, 24, 32, 'Rebar mesh', 13, 'pcs', 'poor', 19913.64, 8, 91, 'externally_listed', '2025-07-17 00:00:00'),
(37, 2, 9, 10, 'Armchair', 5, 'pcs', 'new', 19647.37, 1, 12, 'available', '2025-11-20 00:00:00'),
(38, 1, 5, 1, 'Conference table', 3, 'pcs', 'good', 2911.86, 2, 24, 'internally_matched', '2025-06-21 00:00:00'),
(39, 5, 19, 21, 'Folding wall', 14, 'm2', 'good', 19916.73, 4, 43, 'available', '2025-06-10 00:00:00'),
(40, 4, 17, 17, 'Modular wall panel', 10, 'm2', 'fair', 4370.4, 4, 40, 'internally_matched', '2025-10-24 00:00:00'),
(41, 8, 31, 36, 'Mixed lot', 8, 'pcs', 'good', 9294.5, 9, 101, 'available', '2025-09-29 00:00:00'),
(42, 1, 5, 6, 'Vinyl plank flooring', 30.7, 'm2', 'good', 16097.14, 5, 54, 'internally_matched', '2025-07-10 00:00:00'),
(43, 6, 23, 25, 'Bench', 14, 'pcs', 'good', 3737.92, 1, 14, 'internally_matched', '2025-11-04 00:00:00'),
(44, 5, 20, 21, 'Timber lumber', 5, 'pcs', 'fair', 6027.56, 8, 87, 'externally_listed', '2025-11-20 00:00:00'),
(45, 7, 24, 32, 'Laminate flooring', 34.0, 'm2', 'fair', 14821.72, 5, 57, 'externally_matched', '2025-11-07 00:00:00'),
(46, 6, 23, 25, 'Plasterboard sheet', 32.8, 'm2', 'good', 1611.0, 6, 67, 'draft', '2026-01-08 00:00:00'),
(47, 2, 7, 8, 'Rebar mesh', 15, 'pcs', 'good', 23759.83, 8, 82, 'externally_listed', '2026-02-01 00:00:00'),
(48, 7, 26, 30, 'Entrance door', 15, 'pcs', 'poor', 21458.53, 7, 73, 'classified', '2025-11-05 00:00:00'),
(49, 2, 8, 7, 'Interior door', 2, 'pcs', 'fair', 6467.44, 7, 79, 'classified', '2026-02-14 00:00:00'),
(50, 6, 21, 28, 'Lounge sofa', 18, 'pcs', 'good', 4775.18, 1, 12, 'externally_listed', '2025-05-14 00:00:00'),
(51, 5, 18, 20, 'Timber lumber', 3, 'pcs', 'good', 19561.42, 8, 88, 'internally_matched', '2025-06-25 00:00:00'),
(52, 1, 1, 4, 'Timber lumber', 16, 'pcs', 'fair', 11367.28, 8, 86, 'externally_matched', '2025-10-12 00:00:00'),
(53, 6, 22, 28, 'Ceramic floor tiles', 30.7, 'm2', 'new', 17693.6, 5, 57, 'externally_matched', '2026-02-07 00:00:00'),
(54, 7, 27, 30, 'Pallet racking', 9, 'pcs', 'good', 4239.65, 3, 35, 'disposed', '2025-06-04 00:00:00'),
(55, 3, 10, 13, 'Glass sliding door', 14, 'pcs', 'fair', 18165.99, 7, 76, 'archived', '2025-10-07 00:00:00'),
(56, 2, 8, 9, 'Meeting chair', 14, 'pcs', 'fair', 24376.39, 1, 14, 'externally_matched', '2026-02-10 00:00:00'),
(57, 5, 19, 21, 'Armchair', 3, 'pcs', 'good', 16012.71, 1, 12, 'draft', '2026-01-27 00:00:00'),
(58, 4, 17, 18, 'Room divider', 10, 'm2', 'fair', 19532.47, 4, 42, 'internally_matched', '2025-06-13 00:00:00'),
(59, 8, 33, 38, 'Folding wall', 4, 'm2', 'good', 3216.8, 4, 43, 'externally_listed', '2026-02-28 00:00:00'),
(60, 1, 1, 2, 'Mobile shelving', 5, 'pcs', 'fair', 7591.45, 3, 33, 'classified', '2026-01-10 00:00:00'),
(61, 6, 21, 27, 'Rebar mesh', 1, 'pcs', 'good', 2407.63, 8, 80, 'available', '2025-12-06 00:00:00'),
(62, 6, 21, 28, 'Glass partition wall', 14, 'm2', 'fair', 6461.25, 4, 45, 'internally_matched', '2026-01-24 00:00:00'),
(63, 2, 9, 7, 'Laminate flooring', 18.2, 'm2', 'poor', 16313.35, 5, 53, 'available', '2025-06-22 00:00:00'),
(64, 8, 32, 39, 'Facade panel', 11, 'pcs', 'good', 2173.01, 8, 87, 'internally_matched', '2025-10-03 00:00:00'),
(65, 1, 3, 3, 'Armchair', 15, 'pcs', 'good', 23878.67, 1, 11, 'externally_listed', '2025-05-22 00:00:00'),
(66, 3, 10, 14, 'Ergonomic task chair', 17, 'pcs', 'fair', 1458.98, 1, 15, 'externally_listed', '2025-12-11 00:00:00'),
(67, 7, 26, 34, 'Ergonomic task chair', 11, 'pcs', 'new', 17120.29, 1, 15, 'available', '2025-07-16 00:00:00'),
(68, 7, 25, 34, 'Glass sliding door', 18, 'pcs', 'good', 19895.72, 7, 71, 'externally_matched', '2026-01-25 00:00:00'),
(69, 4, 16, 18, 'Conference table', 3, 'pcs', 'good', 19808.94, 2, 22, 'internally_matched', '2026-02-01 00:00:00'),
(70, 3, 11, 12, 'Insulation roll', 15, 'pcs', 'new', 9425.34, 8, 92, 'externally_listed', '2025-12-14 00:00:00'),
(71, 8, 30, 37, 'Entrance door', 15, 'pcs', 'fair', 19564.04, 7, 79, 'internally_matched', '2025-12-01 00:00:00'),
(72, 1, 6, 4, 'Timber lumber', 17, 'pcs', 'fair', 7484.04, 8, 88, 'externally_listed', '2025-09-17 00:00:00'),
(73, 8, 31, 35, 'Folding wall', 12, 'm2', 'good', 24865.87, 4, 46, 'available', '2025-05-15 00:00:00'),
(74, 8, 30, 38, 'Glass partition wall', 1, 'm2', 'good', 20956.6, 4, 40, 'internally_matched', '2026-01-26 00:00:00'),
(75, 7, 28, 33, 'Office chair', 17, 'pcs', 'good', 18104.34, 1, 17, 'available', '2025-05-01 00:00:00'),
(76, 6, 21, 28, 'Ceramic floor tiles', 2.0, 'm2', 'fair', 1566.59, 5, 58, 'available', '2025-11-08 00:00:00'),
(77, 2, 9, 9, 'Bench', 6, 'pcs', 'fair', 17274.72, 1, 15, 'archived', '2026-01-01 00:00:00'),
(78, 1, 2, 1, 'Pedestal', 13, 'pcs', 'poor', 13804.25, 3, 34, 'available', '2025-08-06 00:00:00'),
(79, 7, 27, 33, 'Facade panel', 6, 'pcs', 'good', 12689.32, 8, 86, 'disposed', '2026-01-21 00:00:00'),
(80, 5, 19, 19, 'Bar stool', 15, 'pcs', 'fair', 10939.84, 1, 14, 'externally_listed', '2025-10-27 00:00:00'),
(81, 1, 1, 6, 'Grid system frame', 40.3, 'm2', 'fair', 23843.34, 6, 65, 'available', '2025-12-11 00:00:00'),
(82, 1, 5, 2, 'Glass sliding door', 15, 'pcs', 'fair', 14561.08, 7, 75, 'internally_matched', '2025-11-20 00:00:00'),
(83, 7, 28, 30, 'Workbench', 15, 'pcs', 'good', 15490.99, 2, 24, 'externally_listed', '2026-01-07 00:00:00'),
(84, 8, 29, 37, 'Steel security door', 18, 'pcs', 'good', 7848.94, 7, 71, 'available', '2025-07-29 00:00:00'),
(85, 1, 3, 5, 'Grid system frame', 7.4, 'm2', 'fair', 2110.83, 6, 67, 'available', '2026-01-01 00:00:00'),
(86, 2, 8, 10, 'Fire door', 18, 'pcs', 'fair', 4958.1, 7, 75, 'archived', '2025-12-08 00:00:00'),
(87, 3, 12, 12, 'Shelving rack', 3, 'pcs', 'good', 16058.9, 3, 38, 'internally_matched', '2025-07-04 00:00:00'),
(88, 3, 11, 13, 'Steel beam', 1, 'pcs', 'new', 23739.4, 8, 89, 'externally_listed', '2025-09-13 00:00:00'),
(89, 5, 20, 21, 'Laminate flooring', 23.2, 'm2', 'fair', 4372.97, 5, 56, 'available', '2025-12-24 00:00:00'),
(90, 7, 25, 32, 'Laminate flooring', 12.8, 'm2', 'good', 11515.1, 5, 51, 'available', '2025-05-26 00:00:00'),
(91, 6, 23, 29, 'Bookcase', 17, 'pcs', 'good', 22037.35, 3, 32, 'internally_matched', '2025-06-16 00:00:00'),
(92, 6, 21, 24, 'Mobile shelving', 16, 'pcs', 'good', 700.35, 3, 39, 'classified', '2025-07-08 00:00:00'),
(93, 4, 16, 17, 'Stacking chair', 18, 'pcs', 'good', 24732.72, 1, 18, 'externally_listed', '2025-06-30 00:00:00'),
(94, 3, 11, 14, 'Carpet tiles', 7.7, 'm2', 'good', 12106.73, 5, 50, 'internally_matched', '2026-01-19 00:00:00'),
(95, 5, 20, 21, 'Ceramic floor tiles', 25.0, 'm2', 'good', 12134.87, 5, 58, 'draft', '2025-10-17 00:00:00'),
(96, 2, 8, 9, 'Steel beam', 20, 'pcs', 'good', 24193.23, 8, 91, 'externally_listed', '2026-02-21 00:00:00'),
(97, 7, 25, 31, 'Meeting chair', 1, 'pcs', 'good', 10760.12, 1, 11, 'available', '2025-08-13 00:00:00'),
(98, 4, 16, 18, 'Vinyl plank flooring', 23.5, 'm2', 'good', 13883.69, 5, 55, 'externally_listed', '2025-09-13 00:00:00'),
(99, 5, 19, 20, 'Glass sliding door', 16, 'pcs', 'good', 23375.66, 7, 77, 'externally_listed', '2025-09-18 00:00:00'),
(100, 5, 18, 21, 'Plumbing fixture', 15, 'pcs', 'fair', 18809.79, 9, 95, 'available', '2026-01-31 00:00:00'),
(101, 4, 15, 15, 'Fire door', 8, 'pcs', 'new', 10625.88, 7, 78, 'externally_listed', '2025-06-21 00:00:00'),
(102, 8, 30, 37, 'Mobile shelving', 3, 'pcs', 'fair', 6189.39, 3, 30, 'externally_listed', '2025-05-20 00:00:00'),
(103, 5, 18, 19, 'Filing cabinet', 11, 'pcs', 'good', 24732.94, 3, 39, 'internally_matched', '2026-01-08 00:00:00'),
(104, 3, 13, 13, 'Bi-fold door', 11, 'pcs', 'fair', 14410.64, 7, 70, 'externally_listed', '2025-07-29 00:00:00'),
(105, 7, 24, 31, 'Plumbing fixture', 8, 'pcs', 'new', 9897.57, 9, 101, 'internally_matched', '2025-09-14 00:00:00'),
(106, 6, 23, 25, 'Stacking chair', 10, 'pcs', 'good', 17308.8, 1, 11, 'disposed', '2025-10-07 00:00:00'),
(107, 3, 13, 12, 'Room divider', 14, 'm2', 'fair', 22863.52, 4, 49, 'externally_listed', '2025-08-20 00:00:00'),
(108, 2, 7, 8, 'Acoustic ceiling panel', 17.1, 'm2', 'good', 3347.88, 6, 62, 'available', '2026-02-23 00:00:00'),
(109, 7, 27, 34, 'Bar stool', 1, 'pcs', 'good', 20503.1, 1, 17, 'externally_listed', '2026-02-21 00:00:00'),
(110, 8, 29, 37, 'Privacy screen', 14, 'm2', 'good', 22337.67, 4, 42, 'internally_matched', '2025-11-10 00:00:00'),
(111, 7, 28, 31, 'Door frame', 1, 'pcs', 'fair', 24473.02, 7, 73, 'internally_matched', '2026-02-03 00:00:00'),
(112, 5, 18, 19, 'Office chair', 8, 'pcs', 'good', 2971.97, 1, 16, 'draft', '2025-05-25 00:00:00'),
(113, 4, 14, 18, 'Acoustic screen', 2, 'm2', 'good', 24840.34, 4, 48, 'available', '2026-02-19 00:00:00'),
(114, 4, 17, 17, 'Pedestal', 6, 'pcs', 'fair', 10966.41, 3, 38, 'internally_matched', '2025-10-24 00:00:00'),
(115, 7, 25, 32, 'Bookcase', 8, 'pcs', 'fair', 7868.04, 3, 38, 'externally_listed', '2025-12-24 00:00:00'),
(116, 6, 23, 24, 'Mixed lot', 18, 'pcs', 'fair', 5166.8, 9, 99, 'available', '2025-05-21 00:00:00'),
(117, 5, 18, 20, 'Signage board', 16, 'pcs', 'poor', 17542.84, 9, 95, 'externally_listed', '2025-11-20 00:00:00'),
(118, 5, 19, 21, 'Hardwood parquet', 5.8, 'm2', 'poor', 12002.52, 5, 57, 'externally_matched', '2025-08-13 00:00:00'),
(119, 7, 26, 31, 'Side table', 19, 'pcs', 'fair', 12732.89, 2, 23, 'externally_listed', '2025-10-20 00:00:00'),
(120, 3, 11, 14, 'Workbench', 2, 'pcs', 'good', 21057.18, 2, 28, 'classified', '2025-05-25 00:00:00'),
(121, 8, 31, 35, 'Ventilation grille', 33.3, 'm2', 'new', 13539.21, 6, 69, 'available', '2025-05-09 00:00:00'),
(122, 7, 25, 30, 'Electrical panel', 7, 'pcs', 'fair', 6684.25, 9, 96, 'available', '2025-11-20 00:00:00'),
(123, 4, 16, 15, 'Interior door', 13, 'pcs', 'good', 14041.19, 7, 70, 'classified', '2025-05-05 00:00:00'),
(124, 1, 2, 2, 'Roof tile', 9, 'pcs', 'new', 2321.53, 8, 91, 'disposed', '2026-02-03 00:00:00'),
(125, 3, 13, 11, 'Locker unit', 19, 'pcs', 'fair', 10034.34, 3, 39, 'externally_matched', '2025-10-17 00:00:00'),
(126, 1, 1, 4, 'Reception counter', 20, 'pcs', 'fair', 23894.03, 2, 21, 'available', '2025-10-15 00:00:00'),
(127, 7, 27, 31, 'Interior door', 20, 'pcs', 'good', 6538.02, 7, 76, 'classified', '2025-09-15 00:00:00'),
(128, 2, 7, 9, 'Glass partition wall', 5, 'm2', 'new', 11059.0, 4, 44, 'internally_matched', '2026-01-18 00:00:00'),
(129, 6, 22, 24, 'Mobile shelving', 3, 'pcs', 'fair', 14208.65, 3, 36, 'archived', '2025-09-02 00:00:00'),
(130, 5, 19, 20, 'Bar stool', 14, 'pcs', 'good', 19675.33, 1, 16, 'available', '2025-09-04 00:00:00'),
(131, 7, 26, 34, 'Bookcase', 11, 'pcs', 'good', 20676.61, 3, 35, 'externally_listed', '2026-03-01 00:00:00'),
(132, 6, 22, 29, 'Steel security door', 8, 'pcs', 'good', 7367.35, 7, 77, 'externally_listed', '2025-11-03 00:00:00'),
(133, 8, 30, 38, 'Timber lumber', 14, 'pcs', 'fair', 3909.89, 8, 93, 'available', '2025-09-07 00:00:00'),
(134, 8, 33, 38, 'Ceramic floor tiles', 2.8, 'm2', 'poor', 17690.04, 5, 56, 'externally_matched', '2026-03-01 00:00:00'),
(135, 1, 5, 6, 'Door frame', 11, 'pcs', 'poor', 11046.16, 7, 76, 'draft', '2025-09-10 00:00:00'),
(136, 4, 15, 18, 'Mobile shelving', 19, 'pcs', 'fair', 4193.25, 3, 37, 'archived', '2026-01-03 00:00:00'),
(137, 3, 12, 13, 'Pedestal', 16, 'pcs', 'good', 2891.76, 3, 33, 'externally_listed', '2025-12-18 00:00:00'),
(138, 2, 9, 8, 'LED light fitting', 6, 'pcs', 'good', 8609.25, 9, 97, 'available', '2025-12-23 00:00:00'),
(139, 7, 24, 34, 'Rebar mesh', 13, 'pcs', 'new', 5762.5, 8, 87, 'available', '2025-06-02 00:00:00'),
(140, 2, 8, 10, 'Ceramic floor tiles', 20.0, 'm2', 'good', 3298.69, 5, 55, 'available', '2025-12-21 00:00:00'),
(141, 3, 12, 11, 'Conference table', 12, 'pcs', 'fair', 13015.21, 2, 21, 'available', '2025-07-10 00:00:00'),
(142, 3, 11, 14, 'Shelving rack', 15, 'pcs', 'fair', 21705.29, 3, 32, 'archived', '2026-01-04 00:00:00'),
(143, 8, 32, 36, 'Meeting chair', 10, 'pcs', 'new', 6008.66, 1, 10, 'available', '2025-12-21 00:00:00'),
(144, 2, 8, 9, 'Rubber flooring', 22.6, 'm2', 'good', 10916.29, 5, 50, 'externally_listed', '2025-09-04 00:00:00'),
(145, 8, 29, 36, 'Workbench', 12, 'pcs', 'fair', 15451.41, 2, 29, 'available', '2025-07-11 00:00:00'),
(146, 3, 12, 13, 'Mobile shelving', 17, 'pcs', 'poor', 17142.83, 3, 34, 'classified', '2025-11-27 00:00:00'),
(147, 4, 17, 18, 'Armchair', 13, 'pcs', 'good', 16023.88, 1, 14, 'externally_matched', '2025-06-17 00:00:00'),
(148, 1, 6, 1, 'Facade panel', 3, 'pcs', 'fair', 10244.04, 8, 87, 'archived', '2025-08-17 00:00:00'),
(149, 8, 31, 35, 'Office chair', 4, 'pcs', 'poor', 4370.6, 1, 17, 'internally_matched', '2025-12-06 00:00:00'),
(150, 2, 9, 9, 'Workbench', 6, 'pcs', 'new', 15827.3, 2, 25, 'externally_listed', '2025-08-28 00:00:00'),
(151, 3, 11, 14, 'Ergonomic task chair', 14, 'pcs', 'fair', 12203.66, 1, 15, 'available', '2025-06-15 00:00:00'),
(152, 3, 10, 11, 'Ventilation grille', 18.2, 'm2', 'good', 18832.59, 6, 62, 'disposed', '2025-12-13 00:00:00'),
(153, 6, 22, 26, 'Concrete block', 3, 'pcs', 'good', 15224.48, 8, 83, 'externally_listed', '2025-09-23 00:00:00'),
(154, 7, 26, 30, 'Brick pallet', 16, 'pcs', 'good', 6406.5, 8, 92, 'internally_matched', '2025-06-06 00:00:00'),
(155, 7, 26, 34, 'Door frame', 3, 'pcs', 'new', 2154.55, 7, 77, 'available', '2025-05-21 00:00:00'),
(156, 5, 20, 23, 'Rebar mesh', 3, 'pcs', 'fair', 13672.56, 8, 86, 'available', '2025-06-12 00:00:00'),
(157, 2, 8, 10, 'Interior door', 8, 'pcs', 'new', 11144.85, 7, 73, 'internally_matched', '2025-05-29 00:00:00'),
(158, 1, 2, 4, 'Electrical panel', 12, 'pcs', 'good', 19637.54, 9, 98, 'available', '2025-06-30 00:00:00'),
(159, 2, 8, 10, 'Hardwood parquet', 43.1, 'm2', 'good', 4354.09, 5, 50, 'externally_listed', '2026-02-18 00:00:00'),
(160, 4, 14, 18, 'Locker unit', 2, 'pcs', 'good', 22891.72, 3, 32, 'externally_listed', '2025-12-01 00:00:00'),
(161, 6, 21, 28, 'Fire door', 8, 'pcs', 'fair', 24544.64, 7, 70, 'archived', '2025-06-05 00:00:00'),
(162, 6, 21, 26, 'Rubber flooring', 31.5, 'm2', 'good', 14996.43, 5, 54, 'internally_matched', '2025-08-09 00:00:00'),
(163, 4, 16, 15, 'Signage board', 13, 'pcs', 'fair', 18316.77, 9, 94, 'classified', '2026-01-27 00:00:00'),
(164, 5, 18, 19, 'Signage board', 12, 'pcs', 'good', 18823.54, 9, 100, 'internally_matched', '2026-01-14 00:00:00'),
(165, 3, 11, 13, 'Tabletop', 13, 'pcs', 'fair', 18516.15, 2, 25, 'available', '2025-09-17 00:00:00'),
(166, 3, 13, 14, 'Pedestal', 12, 'pcs', 'poor', 5587.09, 3, 31, 'available', '2025-09-13 00:00:00'),
(167, 3, 10, 12, 'LED light fitting', 2, 'pcs', 'fair', 6874.09, 9, 100, 'archived', '2025-05-16 00:00:00'),
(168, 8, 29, 36, 'Meeting chair', 5, 'pcs', 'good', 10314.25, 1, 10, 'externally_listed', '2025-06-13 00:00:00'),
(169, 8, 30, 35, 'Facade panel', 4, 'pcs', 'new', 11794.38, 8, 93, 'available', '2026-02-18 00:00:00'),
(170, 3, 12, 12, 'Concrete block', 15, 'pcs', 'fair', 1348.91, 8, 84, 'internally_matched', '2025-09-03 00:00:00'),
(171, 3, 13, 12, 'Acoustic ceiling panel', 31.9, 'm2', 'fair', 19973.73, 6, 68, 'archived', '2025-10-31 00:00:00'),
(172, 5, 18, 19, 'Filing cabinet', 9, 'pcs', 'new', 24792.52, 3, 33, 'internally_matched', '2026-02-24 00:00:00'),
(173, 4, 16, 15, 'Rebar mesh', 12, 'pcs', 'poor', 24792.78, 8, 83, 'available', '2025-08-30 00:00:00'),
(174, 6, 23, 28, 'Stacking chair', 18, 'pcs', 'good', 12515.69, 1, 13, 'classified', '2025-08-28 00:00:00'),
(175, 4, 15, 17, 'Interior door', 1, 'pcs', 'good', 17765.06, 7, 75, 'available', '2025-06-26 00:00:00'),
(176, 5, 19, 20, 'Signage board', 16, 'pcs', 'fair', 4767.97, 9, 100, 'archived', '2025-10-30 00:00:00'),
(177, 5, 18, 20, 'Entrance door', 19, 'pcs', 'new', 15258.52, 7, 79, 'disposed', '2025-08-22 00:00:00'),
(178, 4, 16, 17, 'Tabletop', 11, 'pcs', 'good', 6997.7, 2, 21, 'available', '2025-06-04 00:00:00'),
(179, 7, 25, 33, 'Laminate flooring', 27.8, 'm2', 'good', 12247.49, 5, 56, 'externally_matched', '2025-08-24 00:00:00'),
(180, 2, 7, 9, 'Conference table', 3, 'pcs', 'good', 22504.04, 2, 26, 'classified', '2026-03-01 00:00:00'),
(181, 3, 13, 12, 'Meeting chair', 7, 'pcs', 'good', 14075.75, 1, 15, 'disposed', '2026-02-01 00:00:00'),
(182, 8, 30, 35, 'Filing cabinet', 10, 'pcs', 'fair', 15814.73, 3, 36, 'internally_matched', '2025-06-19 00:00:00'),
(183, 5, 19, 22, 'Carpet tiles', 32.5, 'm2', 'good', 9590.0, 5, 54, 'available', '2025-08-04 00:00:00'),
(184, 1, 2, 6, 'Bi-fold door', 12, 'pcs', 'fair', 10642.67, 7, 71, 'externally_listed', '2025-08-25 00:00:00'),
(185, 4, 17, 17, 'Lounge sofa', 4, 'pcs', 'poor', 11501.47, 1, 10, 'disposed', '2025-07-25 00:00:00'),
(186, 7, 24, 33, 'Tabletop', 20, 'pcs', 'good', 22814.71, 2, 22, 'disposed', '2025-06-04 00:00:00'),
(187, 7, 24, 33, 'Ergonomic task chair', 4, 'pcs', 'good', 2974.27, 1, 19, 'available', '2026-01-30 00:00:00'),
(188, 1, 2, 3, 'Folding wall', 13, 'm2', 'new', 22294.57, 4, 49, 'available', '2025-08-30 00:00:00'),
(189, 5, 19, 22, 'Timber lumber', 8, 'pcs', 'good', 24368.38, 8, 90, 'internally_matched', '2025-10-12 00:00:00'),
(190, 8, 33, 37, 'Insulation roll', 3, 'pcs', 'good', 12916.48, 8, 88, 'available', '2026-01-24 00:00:00'),
(191, 1, 3, 6, 'Tabletop', 15, 'pcs', 'good', 16067.54, 2, 25, 'classified', '2025-05-16 00:00:00'),
(192, 6, 22, 25, 'Timber lumber', 10, 'pcs', 'new', 1716.45, 8, 84, 'externally_matched', '2025-08-18 00:00:00'),
(193, 1, 4, 2, 'Suspended ceiling tiles', 12.0, 'm2', 'fair', 23603.62, 6, 69, 'externally_listed', '2025-09-18 00:00:00'),
(194, 5, 20, 23, 'Timber lumber', 1, 'pcs', 'good', 16727.71, 8, 86, 'externally_matched', '2025-11-08 00:00:00'),
(195, 2, 8, 9, 'Plasterboard sheet', 33.1, 'm2', 'poor', 16460.93, 6, 64, 'available', '2026-01-20 00:00:00'),
(196, 8, 31, 37, 'Rebar mesh', 2, 'pcs', 'good', 24871.47, 8, 86, 'externally_matched', '2025-10-23 00:00:00'),
(197, 3, 12, 11, 'Rubber flooring', 40.6, 'm2', 'fair', 4985.17, 5, 54, 'externally_listed', '2025-10-19 00:00:00'),
(198, 6, 22, 28, 'Bookcase', 2, 'pcs', 'fair', 14797.58, 3, 31, 'disposed', '2025-06-06 00:00:00'),
(199, 1, 2, 2, 'HVAC unit', 19, 'pcs', 'fair', 24672.91, 9, 99, 'available', '2025-08-01 00:00:00'),
(200, 4, 15, 16, 'Vinyl plank flooring', 31.1, 'm2', 'fair', 10383.14, 5, 51, 'archived', '2025-11-13 00:00:00'),
(201, 4, 14, 15, 'Acoustic ceiling panel', 35.0, 'm2', 'good', 3658.8, 6, 63, 'available', '2026-02-26 00:00:00'),
(202, 6, 22, 29, 'HVAC unit', 12, 'pcs', 'fair', 4539.65, 9, 99, 'disposed', '2025-11-23 00:00:00'),
(203, 3, 10, 13, 'Entrance door', 9, 'pcs', 'fair', 15766.8, 7, 70, 'internally_matched', '2025-05-25 00:00:00'),
(204, 8, 32, 35, 'Rubber flooring', 8.5, 'm2', 'fair', 15942.63, 5, 57, 'available', '2025-06-21 00:00:00'),
(205, 2, 8, 7, 'Brick pallet', 20, 'pcs', 'good', 6943.35, 8, 87, 'internally_matched', '2025-08-12 00:00:00'),
(206, 8, 31, 36, 'Ergonomic task chair', 19, 'pcs', 'fair', 4154.04, 1, 11, 'classified', '2026-01-17 00:00:00'),
(207, 5, 19, 19, 'Office chair', 10, 'pcs', 'good', 17080.78, 1, 12, 'available', '2025-06-29 00:00:00'),
(208, 3, 12, 13, 'Concrete block', 3, 'pcs', 'good', 8896.71, 8, 89, 'classified', '2025-11-21 00:00:00'),
(209, 7, 25, 30, 'Lounge sofa', 4, 'pcs', 'good', 14973.38, 1, 10, 'externally_matched', '2025-12-11 00:00:00'),
(210, 3, 13, 14, 'Stacking chair', 2, 'pcs', 'new', 16546.85, 1, 16, 'draft', '2026-01-24 00:00:00'),
(211, 4, 16, 15, 'Modular wall panel', 12, 'm2', 'fair', 16214.41, 4, 43, 'available', '2026-02-10 00:00:00'),
(212, 3, 10, 14, 'Shelving rack', 2, 'pcs', 'good', 13987.14, 3, 35, 'available', '2025-08-29 00:00:00'),
(213, 6, 21, 27, 'Timber lumber', 13, 'pcs', 'good', 14149.71, 8, 80, 'draft', '2025-06-16 00:00:00'),
(214, 5, 20, 23, 'Reception counter', 12, 'pcs', 'fair', 20506.42, 2, 27, 'externally_matched', '2025-10-17 00:00:00'),
(215, 2, 9, 8, 'Bar stool', 18, 'pcs', 'good', 17701.35, 1, 15, 'draft', '2025-07-24 00:00:00'),
(216, 8, 30, 38, 'Meeting chair', 7, 'pcs', 'good', 21378.76, 1, 19, 'available', '2025-08-06 00:00:00'),
(217, 2, 8, 10, 'Fire door', 16, 'pcs', 'new', 18537.24, 7, 78, 'internally_matched', '2025-12-08 00:00:00'),
(218, 6, 23, 27, 'Privacy screen', 8, 'm2', 'good', 24108.04, 4, 49, 'archived', '2025-12-18 00:00:00'),
(219, 4, 16, 17, 'Signage board', 6, 'pcs', 'good', 17510.64, 9, 96, 'available', '2025-06-29 00:00:00'),
(220, 2, 7, 10, 'Meeting chair', 9, 'pcs', 'fair', 4442.92, 1, 10, 'available', '2025-09-06 00:00:00'),
(221, 6, 22, 24, 'Acoustic ceiling panel', 37.4, 'm2', 'good', 6321.09, 6, 68, 'externally_listed', '2025-09-25 00:00:00'),
(222, 6, 23, 24, 'Meeting chair', 20, 'pcs', 'fair', 21580.9, 1, 14, 'internally_matched', '2025-08-24 00:00:00'),
(223, 2, 7, 8, 'Rebar mesh', 2, 'pcs', 'good', 14136.67, 8, 81, 'available', '2026-02-24 00:00:00'),
(224, 1, 6, 5, 'Roof tile', 19, 'pcs', 'good', 2285.58, 8, 84, 'externally_listed', '2026-01-25 00:00:00'),
(225, 7, 24, 32, 'Workbench', 11, 'pcs', 'good', 7692.57, 2, 23, 'archived', '2026-01-27 00:00:00'),
(226, 4, 15, 15, 'Entrance door', 4, 'pcs', 'good', 13735.81, 7, 75, 'available', '2026-01-20 00:00:00'),
(227, 4, 16, 15, 'LED light fitting', 18, 'pcs', 'new', 2104.06, 9, 96, 'externally_listed', '2025-08-18 00:00:00'),
(228, 7, 24, 31, 'Office chair', 3, 'pcs', 'new', 4860.81, 1, 15, 'available', '2025-06-06 00:00:00'),
(229, 7, 27, 32, 'Office chair', 20, 'pcs', 'new', 18775.8, 1, 11, 'draft', '2025-06-07 00:00:00'),
(230, 6, 23, 24, 'Pedestal', 3, 'pcs', 'good', 23203.93, 3, 34, 'available', '2025-05-16 00:00:00'),
(231, 5, 20, 20, 'Filing cabinet', 18, 'pcs', 'fair', 3963.66, 3, 35, 'draft', '2026-02-18 00:00:00'),
(232, 7, 28, 34, 'Electrical panel', 12, 'pcs', 'good', 22687.89, 9, 98, 'externally_matched', '2025-07-12 00:00:00'),
(233, 1, 5, 4, 'Plasterboard sheet', 33.9, 'm2', 'good', 5336.73, 6, 61, 'internally_matched', '2025-10-17 00:00:00'),
(234, 4, 16, 18, 'Privacy screen', 10, 'm2', 'fair', 4233.68, 4, 49, 'internally_matched', '2025-10-09 00:00:00'),
(235, 4, 17, 17, 'Facade panel', 16, 'pcs', 'good', 9289.17, 8, 82, 'available', '2026-02-07 00:00:00'),
(236, 4, 16, 15, 'Door frame', 17, 'pcs', 'fair', 20409.74, 7, 70, 'internally_matched', '2026-02-27 00:00:00'),
(237, 8, 30, 37, 'Privacy screen', 10, 'm2', 'good', 12777.52, 4, 49, 'classified', '2025-11-03 00:00:00'),
(238, 3, 11, 14, 'Electrical panel', 16, 'pcs', 'good', 6976.75, 9, 94, 'available', '2025-08-14 00:00:00'),
(239, 1, 6, 3, 'Bar stool', 9, 'pcs', 'good', 14468.92, 1, 18, 'available', '2025-11-10 00:00:00'),
(240, 7, 26, 32, 'Ceramic floor tiles', 1.3, 'm2', 'fair', 11277.52, 5, 57, 'available', '2026-01-19 00:00:00'),
(241, 2, 9, 8, 'Privacy screen', 4, 'm2', 'good', 12230.96, 4, 45, 'available', '2025-07-22 00:00:00'),
(242, 3, 11, 11, 'Steel beam', 6, 'pcs', 'good', 4910.92, 8, 82, 'archived', '2026-02-13 00:00:00'),
(243, 8, 32, 36, 'Canteen table', 5, 'pcs', 'fair', 20601.1, 2, 26, 'available', '2026-01-17 00:00:00'),
(244, 4, 17, 18, 'Meeting chair', 17, 'pcs', 'fair', 12856.81, 1, 10, 'available', '2025-07-16 00:00:00'),
(245, 2, 8, 8, 'Steel beam', 14, 'pcs', 'good', 9574.25, 8, 88, 'draft', '2026-01-27 00:00:00'),
(246, 7, 25, 33, 'Facade panel', 19, 'pcs', 'fair', 22742.54, 8, 86, 'externally_matched', '2026-02-19 00:00:00'),
(247, 5, 20, 23, 'Glass partition wall', 1, 'm2', 'good', 3386.8, 4, 43, 'draft', '2025-08-14 00:00:00'),
(248, 6, 22, 26, 'Bar stool', 9, 'pcs', 'fair', 10877.26, 1, 16, 'available', '2025-09-19 00:00:00'),
(249, 8, 30, 37, 'Laminate flooring', 49.4, 'm2', 'good', 19467.76, 5, 57, 'available', '2025-07-10 00:00:00'),
(250, 7, 26, 34, 'Acoustic ceiling panel', 20.1, 'm2', 'fair', 20207.05, 6, 60, 'externally_matched', '2025-12-28 00:00:00'),
(251, 4, 16, 15, 'Ventilation grille', 31.1, 'm2', 'good', 17934.34, 6, 66, 'internally_matched', '2025-07-29 00:00:00'),
(252, 4, 15, 15, 'Locker unit', 3, 'pcs', 'poor', 19601.99, 3, 30, 'available', '2025-11-19 00:00:00'),
(253, 5, 20, 23, 'Plumbing fixture', 9, 'pcs', 'good', 24094.9, 9, 99, 'internally_matched', '2025-11-23 00:00:00'),
(254, 5, 19, 19, 'Concrete block', 15, 'pcs', 'poor', 14297.63, 8, 84, 'externally_listed', '2025-10-21 00:00:00'),
(255, 1, 4, 1, 'Workbench', 8, 'pcs', 'fair', 6133.29, 2, 26, 'available', '2025-10-28 00:00:00'),
(256, 6, 21, 28, 'Plumbing fixture', 12, 'pcs', 'good', 14555.96, 9, 101, 'available', '2025-08-06 00:00:00'),
(257, 4, 16, 16, 'Timber lumber', 16, 'pcs', 'fair', 19223.98, 8, 81, 'internally_matched', '2025-05-22 00:00:00'),
(258, 3, 12, 14, 'Conference table', 2, 'pcs', 'good', 10867.81, 2, 29, 'disposed', '2025-05-17 00:00:00'),
(259, 8, 31, 35, 'Armchair', 19, 'pcs', 'good', 9359.26, 1, 13, 'externally_matched', '2025-08-04 00:00:00'),
(260, 8, 32, 36, 'Room divider', 13, 'm2', 'good', 4907.29, 4, 45, 'available', '2026-02-19 00:00:00'),
(261, 4, 15, 16, 'Vinyl plank flooring', 21.7, 'm2', 'good', 22385.13, 5, 50, 'internally_matched', '2026-01-29 00:00:00'),
(262, 7, 24, 31, 'Stacking chair', 4, 'pcs', 'good', 8699.09, 1, 14, 'available', '2026-02-11 00:00:00'),
(263, 4, 15, 17, 'Bookcase', 15, 'pcs', 'fair', 9836.24, 3, 38, 'available', '2025-07-14 00:00:00'),
(264, 2, 7, 9, 'Workbench', 10, 'pcs', 'fair', 15331.93, 2, 25, 'available', '2025-12-14 00:00:00'),
(265, 3, 11, 13, 'Electrical panel', 6, 'pcs', 'good', 2841.07, 9, 95, 'disposed', '2025-12-29 00:00:00'),
(266, 2, 8, 8, 'Bar stool', 8, 'pcs', 'good', 7462.29, 1, 16, 'internally_matched', '2025-07-07 00:00:00'),
(267, 8, 32, 39, 'Electrical panel', 18, 'pcs', 'good', 15140.81, 9, 101, 'internally_matched', '2026-02-13 00:00:00'),
(268, 2, 8, 9, 'Locker unit', 10, 'pcs', 'new', 13321.25, 3, 34, 'externally_listed', '2025-07-09 00:00:00'),
(269, 5, 18, 22, 'Brick pallet', 1, 'pcs', 'good', 5119.99, 8, 89, 'externally_matched', '2025-12-10 00:00:00'),
(270, 7, 25, 34, 'Concrete block', 10, 'pcs', 'fair', 13532.63, 8, 89, 'available', '2025-08-05 00:00:00'),
(271, 8, 30, 37, 'Office chair', 6, 'pcs', 'poor', 7411.81, 1, 10, 'classified', '2025-12-11 00:00:00'),
(272, 5, 19, 21, 'Room divider', 3, 'm2', 'fair', 23815.28, 4, 40, 'classified', '2025-11-17 00:00:00'),
(273, 2, 9, 8, 'Locker unit', 2, 'pcs', 'good', 18515.41, 3, 37, 'classified', '2025-08-15 00:00:00'),
(274, 1, 6, 5, 'Hardwood parquet', 32.3, 'm2', 'good', 22244.23, 5, 54, 'externally_matched', '2025-08-20 00:00:00'),
(275, 1, 2, 3, 'Acoustic ceiling panel', 1.4, 'm2', 'new', 19695.14, 6, 66, 'internally_matched', '2025-07-19 00:00:00'),
(276, 6, 23, 24, 'Ergonomic task chair', 5, 'pcs', 'good', 8260.12, 1, 12, 'internally_matched', '2025-10-25 00:00:00'),
(277, 5, 18, 22, 'Glass sliding door', 18, 'pcs', 'fair', 5149.51, 7, 78, 'available', '2025-10-26 00:00:00'),
(278, 5, 19, 23, 'Mobile shelving', 17, 'pcs', 'good', 5045.59, 3, 30, 'draft', '2025-11-03 00:00:00'),
(279, 4, 16, 15, 'Door frame', 13, 'pcs', 'good', 17238.99, 7, 78, 'externally_listed', '2025-07-18 00:00:00'),
(280, 2, 7, 8, 'Conference table', 4, 'pcs', 'good', 2919.46, 2, 20, 'internally_matched', '2025-11-15 00:00:00'),
(281, 2, 7, 8, 'Entrance door', 2, 'pcs', 'good', 18715.2, 7, 71, 'externally_matched', '2025-11-05 00:00:00'),
(282, 4, 14, 15, 'Entrance door', 7, 'pcs', 'good', 16593.47, 7, 78, 'internally_matched', '2025-07-31 00:00:00'),
(283, 7, 24, 31, 'Rebar mesh', 17, 'pcs', 'good', 4375.32, 8, 88, 'archived', '2025-12-13 00:00:00'),
(284, 7, 27, 32, 'Grid system frame', 11.5, 'm2', 'fair', 23190.6, 6, 69, 'available', '2025-12-18 00:00:00'),
(285, 3, 12, 11, 'Locker unit', 11, 'pcs', 'new', 20637.53, 3, 33, 'externally_listed', '2025-09-19 00:00:00'),
(286, 3, 12, 13, 'Brick pallet', 9, 'pcs', 'fair', 2751.68, 8, 83, 'available', '2025-08-20 00:00:00'),
(287, 2, 9, 9, 'Armchair', 3, 'pcs', 'fair', 23085.85, 1, 19, 'available', '2025-12-09 00:00:00'),
(288, 7, 24, 32, 'Ceramic floor tiles', 28.7, 'm2', 'good', 17595.33, 5, 55, 'available', '2025-11-18 00:00:00'),
(289, 7, 26, 33, 'Ergonomic task chair', 16, 'pcs', 'good', 1708.12, 1, 15, 'available', '2025-06-13 00:00:00'),
(290, 8, 32, 39, 'Workbench', 17, 'pcs', 'good', 2255.28, 2, 29, 'externally_listed', '2025-10-13 00:00:00'),
(291, 4, 16, 17, 'Plasterboard sheet', 9.3, 'm2', 'good', 20628.81, 6, 60, 'externally_matched', '2025-07-14 00:00:00'),
(292, 2, 7, 7, 'Conference table', 10, 'pcs', 'new', 17497.98, 2, 29, 'classified', '2025-12-17 00:00:00'),
(293, 8, 33, 36, 'Entrance door', 19, 'pcs', 'poor', 13406.58, 7, 70, 'available', '2025-05-31 00:00:00'),
(294, 2, 8, 9, 'Door frame', 4, 'pcs', 'new', 21751.56, 7, 75, 'internally_matched', '2025-08-27 00:00:00'),
(295, 8, 33, 39, 'Stacking chair', 18, 'pcs', 'poor', 1026.47, 1, 13, 'available', '2026-01-27 00:00:00'),
(296, 6, 23, 26, 'Reception counter', 2, 'pcs', 'fair', 22027.59, 2, 28, 'externally_matched', '2025-05-16 00:00:00'),
(297, 6, 22, 29, 'Meeting chair', 14, 'pcs', 'good', 4242.35, 1, 16, 'archived', '2025-10-16 00:00:00'),
(298, 3, 12, 12, 'Privacy screen', 19, 'm2', 'poor', 8278.66, 4, 42, 'internally_matched', '2025-06-30 00:00:00'),
(299, 7, 26, 33, 'Concrete block', 5, 'pcs', 'fair', 3115.9, 8, 93, 'available', '2025-09-14 00:00:00'),
(300, 2, 9, 10, 'Stacking chair', 12, 'pcs', 'good', 9992.78, 1, 19, 'internally_matched', '2025-07-23 00:00:00'),
(301, 4, 15, 15, 'Tabletop', 20, 'pcs', 'good', 8459.94, 2, 27, 'internally_matched', '2025-09-04 00:00:00'),
(302, 1, 5, 1, 'Acoustic screen', 17, 'm2', 'good', 24603.85, 4, 40, 'draft', '2025-11-15 00:00:00'),
(303, 1, 2, 3, 'Room divider', 15, 'm2', 'good', 7713.28, 4, 44, 'disposed', '2026-01-20 00:00:00'),
(304, 3, 13, 14, 'Locker unit', 15, 'pcs', 'good', 17959.54, 3, 30, 'available', '2025-12-19 00:00:00'),
(305, 8, 31, 35, 'Rubber flooring', 39.8, 'm2', 'good', 23768.97, 5, 56, 'available', '2025-11-11 00:00:00'),
(306, 3, 11, 12, 'Rebar mesh', 10, 'pcs', 'good', 19331.45, 8, 80, 'internally_matched', '2025-08-01 00:00:00'),
(307, 1, 4, 4, 'Steel beam', 20, 'pcs', 'fair', 6328.02, 8, 88, 'internally_matched', '2025-12-30 00:00:00'),
(308, 4, 14, 16, 'Office chair', 5, 'pcs', 'fair', 16841.42, 1, 15, 'externally_matched', '2025-09-30 00:00:00'),
(309, 5, 20, 23, 'Acoustic ceiling panel', 48.3, 'm2', 'fair', 9324.62, 6, 68, 'draft', '2025-10-01 00:00:00'),
(310, 6, 22, 27, 'Rebar mesh', 18, 'pcs', 'new', 12035.01, 8, 92, 'classified', '2025-09-18 00:00:00'),
(311, 2, 8, 9, 'Room divider', 17, 'm2', 'good', 15769.48, 4, 45, 'disposed', '2026-02-13 00:00:00'),
(312, 4, 16, 16, 'Stacking chair', 4, 'pcs', 'fair', 5579.61, 1, 10, 'internally_matched', '2025-11-29 00:00:00'),
(313, 5, 19, 19, 'Pedestal', 11, 'pcs', 'fair', 3289.0, 3, 38, 'available', '2025-11-19 00:00:00'),
(314, 8, 32, 35, 'Acoustic ceiling panel', 31.7, 'm2', 'fair', 13655.7, 6, 67, 'available', '2025-11-28 00:00:00'),
(315, 6, 23, 28, 'Bench', 12, 'pcs', 'new', 4157.97, 1, 19, 'externally_matched', '2025-10-21 00:00:00'),
(316, 7, 25, 34, 'Bench', 2, 'pcs', 'good', 2626.55, 1, 14, 'externally_matched', '2025-11-07 00:00:00'),
(317, 6, 21, 25, 'LED light fitting', 1, 'pcs', 'fair', 22671.42, 9, 101, 'available', '2025-10-22 00:00:00'),
(318, 3, 10, 12, 'Side table', 13, 'pcs', 'fair', 13297.45, 2, 20, 'draft', '2025-05-23 00:00:00'),
(319, 2, 8, 10, 'Concrete block', 1, 'pcs', 'good', 8147.5, 8, 81, 'externally_matched', '2025-10-12 00:00:00'),
(320, 3, 11, 13, 'Ergonomic task chair', 7, 'pcs', 'good', 13959.46, 1, 19, 'available', '2025-09-23 00:00:00'),
(321, 8, 29, 36, 'Ergonomic task chair', 13, 'pcs', 'new', 10948.41, 1, 10, 'available', '2026-02-28 00:00:00'),
(322, 4, 14, 18, 'Rubber flooring', 23.9, 'm2', 'good', 17269.71, 5, 51, 'externally_listed', '2025-12-25 00:00:00'),
(323, 7, 25, 32, 'Roof tile', 16, 'pcs', 'new', 12145.69, 8, 85, 'available', '2025-12-23 00:00:00'),
(324, 2, 8, 7, 'Roof tile', 13, 'pcs', 'good', 6345.09, 8, 88, 'available', '2025-07-21 00:00:00'),
(325, 7, 27, 34, 'Brick pallet', 6, 'pcs', 'fair', 2408.41, 8, 88, 'disposed', '2026-02-18 00:00:00'),
(326, 3, 12, 14, 'Armchair', 11, 'pcs', 'good', 16674.04, 1, 11, 'classified', '2025-07-11 00:00:00'),
(327, 7, 28, 34, 'Privacy screen', 11, 'm2', 'good', 19961.49, 4, 43, 'externally_listed', '2025-12-09 00:00:00'),
(328, 7, 25, 32, 'Office chair', 1, 'pcs', 'fair', 20608.46, 1, 18, 'available', '2025-09-22 00:00:00'),
(329, 4, 15, 18, 'Armchair', 12, 'pcs', 'fair', 4279.55, 1, 18, 'archived', '2025-07-04 00:00:00'),
(330, 7, 25, 30, 'Stacking chair', 20, 'pcs', 'poor', 15769.59, 1, 16, 'internally_matched', '2025-12-04 00:00:00'),
(331, 1, 5, 4, 'Concrete block', 14, 'pcs', 'poor', 14620.63, 8, 83, 'draft', '2025-05-20 00:00:00'),
(332, 8, 31, 35, 'Acoustic ceiling panel', 36.8, 'm2', 'good', 21554.09, 6, 61, 'externally_listed', '2025-09-21 00:00:00'),
(333, 2, 9, 9, 'Grid system frame', 39.1, 'm2', 'good', 13060.25, 6, 65, 'internally_matched', '2025-10-17 00:00:00'),
(334, 5, 20, 23, 'Canteen table', 6, 'pcs', 'good', 16579.84, 2, 27, 'available', '2025-05-14 00:00:00'),
(335, 5, 19, 21, 'Lounge sofa', 19, 'pcs', 'fair', 16649.31, 1, 11, 'available', '2025-07-29 00:00:00'),
(336, 6, 21, 25, 'Ventilation grille', 37.9, 'm2', 'good', 9887.59, 6, 62, 'externally_listed', '2025-07-25 00:00:00'),
(337, 1, 2, 4, 'Modular wall panel', 18, 'm2', 'good', 17245.99, 4, 44, 'available', '2025-09-12 00:00:00'),
(338, 7, 26, 34, 'Interior door', 18, 'pcs', 'fair', 23926.5, 7, 70, 'internally_matched', '2025-09-17 00:00:00'),
(339, 8, 30, 39, 'Facade panel', 6, 'pcs', 'good', 759.16, 8, 88, 'draft', '2025-06-04 00:00:00'),
(340, 1, 4, 1, 'Laminate flooring', 11.8, 'm2', 'good', 5230.45, 5, 57, 'draft', '2025-06-17 00:00:00'),
(341, 1, 5, 6, 'Timber lumber', 4, 'pcs', 'new', 15314.8, 8, 83, 'available', '2026-02-14 00:00:00'),
(342, 2, 9, 10, 'HVAC unit', 11, 'pcs', 'good', 19627.92, 9, 98, 'available', '2025-06-01 00:00:00'),
(343, 3, 13, 11, 'Ceramic floor tiles', 20.2, 'm2', 'fair', 3156.55, 5, 53, 'internally_matched', '2025-12-07 00:00:00'),
(344, 2, 9, 9, 'Roof tile', 5, 'pcs', 'fair', 521.26, 8, 80, 'draft', '2025-11-16 00:00:00'),
(345, 5, 18, 21, 'Steel beam', 17, 'pcs', 'fair', 19389.27, 8, 89, 'internally_matched', '2025-11-23 00:00:00'),
(346, 8, 29, 39, 'Laminate flooring', 34.4, 'm2', 'good', 15990.68, 5, 55, 'archived', '2025-06-16 00:00:00'),
(347, 4, 15, 15, 'Plumbing fixture', 13, 'pcs', 'fair', 15950.12, 9, 97, 'available', '2025-06-13 00:00:00'),
(348, 4, 17, 18, 'Bar stool', 16, 'pcs', 'good', 20939.13, 1, 18, 'internally_matched', '2025-05-09 00:00:00'),
(349, 8, 33, 36, 'Timber lumber', 2, 'pcs', 'fair', 12477.92, 8, 83, 'draft', '2025-05-24 00:00:00'),
(350, 4, 15, 15, 'Reception counter', 4, 'pcs', 'good', 4681.89, 2, 20, 'internally_matched', '2025-06-24 00:00:00'),
(351, 6, 23, 29, 'Privacy screen', 19, 'm2', 'good', 8378.95, 4, 41, 'archived', '2025-08-18 00:00:00'),
(352, 3, 12, 12, 'Glass partition wall', 5, 'm2', 'new', 21260.48, 4, 49, 'internally_matched', '2025-07-20 00:00:00'),
(353, 5, 19, 22, 'Fire door', 9, 'pcs', 'good', 10594.77, 7, 73, 'disposed', '2025-05-20 00:00:00'),
(354, 4, 15, 15, 'LED light fitting', 12, 'pcs', 'fair', 24676.16, 9, 95, 'internally_matched', '2025-12-24 00:00:00'),
(355, 8, 32, 36, 'Sit-stand desk', 12, 'pcs', 'good', 11149.46, 2, 20, 'available', '2025-12-19 00:00:00'),
(356, 2, 7, 8, 'Steel security door', 11, 'pcs', 'good', 18803.63, 7, 79, 'externally_matched', '2025-08-26 00:00:00'),
(357, 4, 14, 18, 'Ventilation grille', 8.1, 'm2', 'poor', 11647.28, 6, 60, 'available', '2025-07-09 00:00:00'),
(358, 1, 6, 5, 'Ergonomic task chair', 15, 'pcs', 'good', 4694.43, 1, 12, 'available', '2025-09-29 00:00:00'),
(359, 2, 8, 10, 'Roof tile', 15, 'pcs', 'good', 18385.43, 8, 83, 'externally_listed', '2025-09-04 00:00:00'),
(360, 1, 4, 1, 'Office chair', 14, 'pcs', 'good', 12242.1, 1, 17, 'externally_listed', '2025-06-20 00:00:00'),
(361, 6, 22, 25, 'Suspended ceiling tiles', 24.5, 'm2', 'good', 17730.96, 6, 61, 'externally_matched', '2026-02-23 00:00:00'),
(362, 8, 29, 35, 'Pedestal', 2, 'pcs', 'good', 18945.76, 3, 35, 'externally_listed', '2026-02-02 00:00:00'),
(363, 1, 5, 6, 'Filing cabinet', 13, 'pcs', 'good', 15668.77, 3, 30, 'available', '2025-07-29 00:00:00'),
(364, 2, 9, 10, 'Brick pallet', 8, 'pcs', 'good', 22499.36, 8, 92, 'internally_matched', '2025-12-03 00:00:00'),
(365, 2, 8, 9, 'Privacy screen', 3, 'm2', 'good', 22157.49, 4, 45, 'classified', '2025-11-17 00:00:00'),
(366, 3, 13, 12, 'Steel beam', 10, 'pcs', 'good', 17218.88, 8, 88, 'disposed', '2025-12-29 00:00:00'),
(367, 4, 16, 18, 'Ventilation grille', 30.1, 'm2', 'fair', 21126.74, 6, 65, 'internally_matched', '2025-10-03 00:00:00'),
(368, 8, 31, 37, 'Insulation roll', 12, 'pcs', 'good', 23927.24, 8, 80, 'internally_matched', '2025-07-22 00:00:00'),
(369, 1, 3, 5, 'Bench', 6, 'pcs', 'good', 17824.79, 1, 14, 'externally_listed', '2025-10-24 00:00:00'),
(370, 7, 27, 31, 'Electrical panel', 1, 'pcs', 'poor', 13880.57, 9, 99, 'internally_matched', '2025-09-29 00:00:00'),
(371, 6, 23, 24, 'Insulation roll', 18, 'pcs', 'good', 1107.49, 8, 80, 'internally_matched', '2025-08-21 00:00:00'),
(372, 4, 16, 16, 'Stacking chair', 3, 'pcs', 'poor', 10163.38, 1, 18, 'internally_matched', '2026-01-17 00:00:00'),
(373, 3, 13, 13, 'Shelving rack', 12, 'pcs', 'good', 24449.33, 3, 30, 'externally_matched', '2025-06-14 00:00:00'),
(374, 7, 27, 31, 'Timber lumber', 5, 'pcs', 'good', 12128.02, 8, 89, 'externally_matched', '2025-10-19 00:00:00'),
(375, 5, 19, 20, 'Vinyl plank flooring', 10.8, 'm2', 'fair', 7591.85, 5, 59, 'internally_matched', '2025-10-02 00:00:00'),
(376, 5, 19, 22, 'Armchair', 6, 'pcs', 'good', 17352.16, 1, 14, 'available', '2025-07-01 00:00:00'),
(377, 5, 20, 22, 'Plumbing fixture', 17, 'pcs', 'fair', 929.85, 9, 95, 'available', '2026-02-22 00:00:00'),
(378, 6, 22, 29, 'Mixed lot', 10, 'pcs', 'good', 16154.19, 9, 99, 'classified', '2025-08-08 00:00:00'),
(379, 5, 19, 21, 'Bench', 5, 'pcs', 'new', 13195.18, 1, 19, 'available', '2026-01-04 00:00:00'),
(380, 4, 15, 15, 'Glass partition wall', 5, 'm2', 'poor', 12248.2, 4, 41, 'available', '2025-11-02 00:00:00'),
(381, 2, 7, 8, 'Brick pallet', 10, 'pcs', 'good', 3690.35, 8, 82, 'classified', '2025-06-27 00:00:00'),
(382, 1, 4, 1, 'Timber lumber', 10, 'pcs', 'fair', 18986.48, 8, 80, 'externally_listed', '2025-08-14 00:00:00'),
(383, 5, 20, 21, 'Mobile shelving', 20, 'pcs', 'good', 14470.77, 3, 38, 'classified', '2026-02-21 00:00:00'),
(384, 1, 6, 1, 'Plumbing fixture', 19, 'pcs', 'good', 17001.38, 9, 101, 'classified', '2025-10-29 00:00:00'),
(385, 2, 8, 7, 'Acoustic screen', 16, 'm2', 'fair', 17765.91, 4, 48, 'internally_matched', '2025-05-21 00:00:00'),
(386, 5, 20, 22, 'Reception counter', 14, 'pcs', 'good', 2205.42, 2, 26, 'externally_matched', '2025-12-30 00:00:00'),
(387, 2, 8, 10, 'Carpet tiles', 8.0, 'm2', 'good', 14968.65, 5, 51, 'classified', '2025-07-26 00:00:00'),
(388, 2, 7, 10, 'Door frame', 19, 'pcs', 'good', 19029.42, 7, 74, 'externally_matched', '2025-11-21 00:00:00'),
(389, 8, 29, 35, 'Conference table', 5, 'pcs', 'new', 18576.06, 2, 27, 'externally_matched', '2026-01-11 00:00:00'),
(390, 5, 20, 23, 'Stacking chair', 15, 'pcs', 'good', 16721.28, 1, 11, 'internally_matched', '2025-09-11 00:00:00'),
(391, 7, 27, 32, 'Roof tile', 2, 'pcs', 'new', 14138.33, 8, 87, 'externally_matched', '2025-10-03 00:00:00'),
(392, 2, 9, 10, 'Steel security door', 16, 'pcs', 'good', 21431.61, 7, 78, 'internally_matched', '2025-11-17 00:00:00'),
(393, 6, 21, 24, 'Plasterboard sheet', 18.1, 'm2', 'fair', 1159.05, 6, 62, 'externally_matched', '2025-10-22 00:00:00'),
(394, 4, 15, 16, 'Suspended ceiling tiles', 45.6, 'm2', 'new', 7970.36, 6, 69, 'available', '2025-05-11 00:00:00'),
(395, 5, 18, 22, 'Ventilation grille', 28.9, 'm2', 'good', 2894.28, 6, 65, 'internally_matched', '2025-08-14 00:00:00'),
(396, 7, 25, 33, 'Grid system frame', 11.5, 'm2', 'good', 7784.35, 6, 61, 'internally_matched', '2025-08-24 00:00:00'),
(397, 8, 32, 36, 'Pallet racking', 10, 'pcs', 'good', 7847.77, 3, 31, 'externally_listed', '2025-10-08 00:00:00'),
(398, 3, 13, 12, 'Glass sliding door', 18, 'pcs', 'fair', 21392.98, 7, 77, 'disposed', '2026-02-14 00:00:00'),
(399, 5, 19, 22, 'Pallet racking', 7, 'pcs', 'fair', 7039.9, 3, 31, 'available', '2025-07-22 00:00:00'),
(400, 1, 2, 3, 'Modular wall panel', 14, 'm2', 'fair', 1406.59, 4, 48, 'available', '2025-07-09 00:00:00'),
(401, 8, 29, 35, 'Facade panel', 20, 'pcs', 'good', 2057.75, 8, 81, 'archived', '2025-11-03 00:00:00'),
(402, 2, 9, 9, 'Vinyl plank flooring', 30.4, 'm2', 'fair', 8178.55, 5, 51, 'externally_matched', '2025-11-16 00:00:00'),
(403, 5, 19, 22, 'Sit-stand desk', 16, 'pcs', 'good', 17640.63, 2, 29, 'classified', '2026-02-04 00:00:00'),
(404, 6, 22, 24, 'Suspended ceiling tiles', 42.2, 'm2', 'fair', 23550.78, 6, 69, 'externally_listed', '2025-08-31 00:00:00'),
(405, 8, 32, 35, 'Concrete block', 10, 'pcs', 'new', 20656.34, 8, 86, 'available', '2025-08-16 00:00:00'),
(406, 2, 8, 10, 'Facade panel', 14, 'pcs', 'fair', 20595.91, 8, 93, 'externally_matched', '2025-09-11 00:00:00'),
(407, 3, 13, 12, 'Bar stool', 11, 'pcs', 'good', 3215.29, 1, 13, 'available', '2025-07-06 00:00:00'),
(408, 5, 18, 23, 'Concrete block', 7, 'pcs', 'new', 9506.19, 8, 92, 'available', '2025-11-10 00:00:00'),
(409, 1, 5, 6, 'Suspended ceiling tiles', 48.7, 'm2', 'good', 17680.9, 6, 63, 'available', '2025-11-22 00:00:00'),
(410, 2, 7, 10, 'Roof tile', 4, 'pcs', 'good', 5477.06, 8, 87, 'disposed', '2025-09-14 00:00:00'),
(411, 4, 16, 16, 'Acoustic screen', 1, 'm2', 'good', 6914.09, 4, 46, 'internally_matched', '2025-09-05 00:00:00'),
(412, 6, 23, 27, 'Bi-fold door', 14, 'pcs', 'fair', 6777.53, 7, 76, 'classified', '2025-05-31 00:00:00'),
(413, 1, 1, 3, 'Laminate flooring', 48.9, 'm2', 'fair', 3739.84, 5, 56, 'externally_matched', '2025-05-22 00:00:00'),
(414, 2, 8, 10, 'Bench', 2, 'pcs', 'poor', 12730.66, 1, 11, 'archived', '2025-09-21 00:00:00'),
(415, 6, 22, 25, 'Mobile shelving', 5, 'pcs', 'good', 23109.89, 3, 37, 'internally_matched', '2025-12-12 00:00:00'),
(416, 3, 13, 14, 'Office chair', 15, 'pcs', 'good', 17871.21, 1, 17, 'internally_matched', '2026-01-08 00:00:00'),
(417, 5, 18, 20, 'Concrete block', 19, 'pcs', 'fair', 14849.1, 8, 93, 'internally_matched', '2025-05-03 00:00:00'),
(418, 2, 8, 7, 'Bookcase', 12, 'pcs', 'good', 23804.89, 3, 31, 'externally_matched', '2025-07-18 00:00:00'),
(419, 1, 3, 1, 'Glass sliding door', 19, 'pcs', 'good', 21650.33, 7, 77, 'externally_matched', '2025-09-22 00:00:00'),
(420, 2, 8, 9, 'Sit-stand desk', 1, 'pcs', 'fair', 4492.05, 2, 26, 'externally_listed', '2025-09-23 00:00:00'),
(421, 5, 20, 23, 'Bench', 17, 'pcs', 'good', 11413.34, 1, 11, 'available', '2025-09-15 00:00:00'),
(422, 7, 24, 30, 'Rubber flooring', 12.0, 'm2', 'fair', 4299.21, 5, 57, 'internally_matched', '2026-01-24 00:00:00'),
(423, 5, 18, 23, 'Glass partition wall', 18, 'm2', 'new', 1604.83, 4, 49, 'classified', '2025-12-04 00:00:00'),
(424, 1, 1, 6, 'Door frame', 6, 'pcs', 'fair', 1608.84, 7, 72, 'available', '2025-09-30 00:00:00'),
(425, 3, 11, 12, 'Bar stool', 4, 'pcs', 'good', 938.92, 1, 19, 'available', '2025-05-07 00:00:00'),
(426, 6, 23, 29, 'Plumbing fixture', 3, 'pcs', 'good', 839.96, 9, 100, 'classified', '2025-05-09 00:00:00'),
(427, 4, 17, 16, 'Lounge sofa', 16, 'pcs', 'good', 3353.24, 1, 17, 'disposed', '2025-12-14 00:00:00'),
(428, 4, 15, 17, 'Carpet tiles', 17.4, 'm2', 'good', 21266.92, 5, 56, 'internally_matched', '2025-11-29 00:00:00'),
(429, 8, 30, 35, 'Ceramic floor tiles', 16.5, 'm2', 'new', 22375.49, 5, 56, 'available', '2025-12-29 00:00:00'),
(430, 3, 12, 12, 'Acoustic screen', 17, 'm2', 'good', 22772.22, 4, 47, 'available', '2025-12-26 00:00:00'),
(431, 6, 22, 25, 'Suspended ceiling tiles', 33.7, 'm2', 'good', 5387.36, 6, 64, 'internally_matched', '2025-06-21 00:00:00'),
(432, 1, 3, 3, 'Locker unit', 17, 'pcs', 'new', 2059.81, 3, 32, 'internally_matched', '2025-08-25 00:00:00'),
(433, 5, 18, 23, 'Suspended ceiling tiles', 46.4, 'm2', 'good', 11699.82, 6, 61, 'externally_matched', '2025-06-26 00:00:00'),
(434, 1, 5, 1, 'Tabletop', 7, 'pcs', 'poor', 4347.3, 2, 21, 'available', '2025-12-13 00:00:00'),
(435, 2, 7, 10, 'Electrical panel', 16, 'pcs', 'good', 12873.06, 9, 94, 'classified', '2025-11-07 00:00:00'),
(436, 7, 25, 31, 'Rebar mesh', 15, 'pcs', 'poor', 13145.8, 8, 86, 'externally_listed', '2025-05-16 00:00:00'),
(437, 3, 13, 11, 'Privacy screen', 5, 'm2', 'poor', 1916.34, 4, 40, 'internally_matched', '2026-01-22 00:00:00'),
(438, 6, 21, 26, 'Insulation roll', 13, 'pcs', 'good', 5525.77, 8, 89, 'internally_matched', '2025-12-13 00:00:00'),
(439, 1, 5, 3, 'Pedestal', 18, 'pcs', 'good', 2774.08, 3, 32, 'internally_matched', '2026-01-22 00:00:00'),
(440, 5, 18, 21, 'Interior door', 2, 'pcs', 'fair', 6864.03, 7, 78, 'internally_matched', '2025-07-03 00:00:00'),
(441, 1, 4, 3, 'Plumbing fixture', 10, 'pcs', 'good', 19727.34, 9, 97, 'externally_listed', '2025-07-11 00:00:00'),
(442, 4, 16, 18, 'Armchair', 3, 'pcs', 'new', 10909.72, 1, 16, 'available', '2025-08-18 00:00:00'),
(443, 5, 20, 22, 'Ventilation grille', 36.9, 'm2', 'good', 4489.65, 6, 67, 'internally_matched', '2026-01-04 00:00:00'),
(444, 3, 12, 11, 'Suspended ceiling tiles', 6.9, 'm2', 'good', 1486.91, 6, 66, 'available', '2025-11-07 00:00:00'),
(445, 3, 13, 11, 'Plumbing fixture', 7, 'pcs', 'good', 18621.68, 9, 98, 'draft', '2026-02-05 00:00:00'),
(446, 6, 21, 24, 'Room divider', 19, 'm2', 'good', 8776.67, 4, 49, 'available', '2025-07-07 00:00:00'),
(447, 6, 21, 28, 'Entrance door', 8, 'pcs', 'poor', 8805.45, 7, 76, 'draft', '2025-12-13 00:00:00'),
(448, 5, 20, 19, 'Steel beam', 19, 'pcs', 'fair', 19404.08, 8, 91, 'available', '2025-07-03 00:00:00'),
(449, 1, 1, 6, 'Mixed lot', 9, 'pcs', 'fair', 6509.52, 9, 96, 'externally_listed', '2026-02-21 00:00:00'),
(450, 1, 3, 4, 'Tabletop', 17, 'pcs', 'good', 6800.86, 2, 20, 'classified', '2025-06-20 00:00:00'),
(451, 5, 19, 20, 'Lounge sofa', 1, 'pcs', 'fair', 7801.6, 1, 15, 'classified', '2025-07-12 00:00:00'),
(452, 4, 17, 18, 'Mixed lot', 11, 'pcs', 'good', 10473.37, 9, 98, 'internally_matched', '2025-11-25 00:00:00'),
(453, 2, 7, 8, 'Bookcase', 3, 'pcs', 'fair', 12760.59, 3, 36, 'externally_listed', '2025-07-12 00:00:00'),
(454, 8, 29, 35, 'Concrete block', 6, 'pcs', 'new', 23370.92, 8, 93, 'internally_matched', '2025-09-06 00:00:00'),
(455, 1, 2, 6, 'Laminate flooring', 5.4, 'm2', 'fair', 20847.2, 5, 51, 'externally_listed', '2025-09-21 00:00:00'),
(456, 8, 31, 36, 'Glass sliding door', 7, 'pcs', 'good', 15188.08, 7, 75, 'draft', '2025-07-08 00:00:00'),
(457, 1, 5, 4, 'Lounge sofa', 14, 'pcs', 'good', 17564.0, 1, 10, 'internally_matched', '2025-11-18 00:00:00'),
(458, 8, 29, 37, 'LED light fitting', 12, 'pcs', 'good', 21059.07, 9, 100, 'externally_matched', '2025-05-05 00:00:00'),
(459, 1, 3, 6, 'Electrical panel', 3, 'pcs', 'fair', 15818.3, 9, 99, 'externally_matched', '2025-08-22 00:00:00'),
(460, 4, 14, 16, 'Mixed lot', 9, 'pcs', 'good', 12603.28, 9, 100, 'internally_matched', '2026-02-14 00:00:00'),
(461, 2, 7, 9, 'LED light fitting', 9, 'pcs', 'good', 17110.48, 9, 97, 'archived', '2026-01-28 00:00:00'),
(462, 1, 3, 4, 'Concrete block', 4, 'pcs', 'fair', 11931.37, 8, 86, 'available', '2025-05-23 00:00:00'),
(463, 7, 25, 32, 'Office chair', 8, 'pcs', 'poor', 10883.6, 1, 19, 'classified', '2025-09-05 00:00:00'),
(464, 1, 5, 6, 'Electrical panel', 4, 'pcs', 'good', 23990.67, 9, 98, 'externally_matched', '2025-10-18 00:00:00'),
(465, 8, 33, 35, 'Office chair', 13, 'pcs', 'good', 21268.46, 1, 10, 'classified', '2025-07-05 00:00:00'),
(466, 2, 7, 7, 'Hardwood parquet', 20.7, 'm2', 'fair', 10572.15, 5, 54, 'externally_matched', '2025-05-06 00:00:00'),
(467, 1, 4, 5, 'Filing cabinet', 4, 'pcs', 'new', 17975.84, 3, 33, 'internally_matched', '2025-08-08 00:00:00'),
(468, 8, 30, 36, 'Office chair', 5, 'pcs', 'good', 11178.28, 1, 10, 'archived', '2025-10-31 00:00:00'),
(469, 6, 22, 26, 'Mixed lot', 8, 'pcs', 'good', 20961.79, 9, 96, 'externally_matched', '2025-12-03 00:00:00'),
(470, 8, 32, 39, 'Steel security door', 11, 'pcs', 'fair', 10758.03, 7, 79, 'available', '2025-12-19 00:00:00'),
(471, 4, 17, 16, 'Tabletop', 13, 'pcs', 'good', 5013.99, 2, 25, 'archived', '2025-11-02 00:00:00'),
(472, 6, 21, 24, 'Conference table', 8, 'pcs', 'fair', 18111.5, 2, 24, 'available', '2026-02-08 00:00:00'),
(473, 3, 13, 11, 'Shelving rack', 15, 'pcs', 'good', 20332.45, 3, 33, 'externally_listed', '2026-01-25 00:00:00'),
(474, 2, 7, 8, 'Rebar mesh', 12, 'pcs', 'good', 11023.73, 8, 83, 'internally_matched', '2025-05-24 00:00:00'),
(475, 5, 18, 23, 'Electrical panel', 3, 'pcs', 'fair', 19879.43, 9, 101, 'internally_matched', '2025-07-25 00:00:00'),
(476, 6, 23, 26, 'Rubber flooring', 47.8, 'm2', 'good', 14739.07, 5, 57, 'internally_matched', '2026-02-23 00:00:00'),
(477, 4, 16, 18, 'Insulation roll', 12, 'pcs', 'good', 2576.59, 8, 89, 'externally_listed', '2025-09-29 00:00:00'),
(478, 7, 27, 33, 'Modular wall panel', 11, 'm2', 'good', 1105.6, 4, 45, 'internally_matched', '2025-09-13 00:00:00'),
(479, 2, 8, 8, 'Bench', 2, 'pcs', 'good', 8677.07, 1, 11, 'externally_listed', '2025-09-06 00:00:00'),
(480, 5, 18, 21, 'Mobile shelving', 13, 'pcs', 'poor', 20635.6, 3, 35, 'externally_listed', '2025-05-07 00:00:00'),
(481, 4, 17, 16, 'Hardwood parquet', 36.4, 'm2', 'good', 19901.91, 5, 58, 'available', '2025-08-05 00:00:00'),
(482, 1, 3, 2, 'Plasterboard sheet', 47.2, 'm2', 'new', 20354.83, 6, 62, 'externally_matched', '2025-10-21 00:00:00'),
(483, 1, 5, 1, 'Plumbing fixture', 19, 'pcs', 'fair', 15273.57, 9, 96, 'internally_matched', '2025-11-17 00:00:00'),
(484, 7, 25, 33, 'Stacking chair', 10, 'pcs', 'new', 3055.67, 1, 19, 'internally_matched', '2025-05-17 00:00:00'),
(485, 5, 18, 20, 'Filing cabinet', 15, 'pcs', 'new', 13204.03, 3, 38, 'available', '2025-11-27 00:00:00'),
(486, 2, 8, 8, 'Bar stool', 14, 'pcs', 'fair', 16787.42, 1, 13, 'available', '2026-02-19 00:00:00'),
(487, 4, 14, 16, 'Folding wall', 8, 'm2', 'good', 22802.41, 4, 46, 'externally_matched', '2025-12-22 00:00:00'),
(488, 6, 23, 29, 'Insulation roll', 14, 'pcs', 'good', 22549.13, 8, 86, 'externally_listed', '2025-12-21 00:00:00'),
(489, 4, 15, 17, 'Concrete block', 3, 'pcs', 'fair', 18199.03, 8, 88, 'available', '2026-01-08 00:00:00'),
(490, 6, 22, 27, 'Canteen table', 2, 'pcs', 'good', 2293.29, 2, 23, 'externally_listed', '2025-12-23 00:00:00'),
(491, 2, 9, 8, 'Bookcase', 15, 'pcs', 'new', 13936.5, 3, 37, 'available', '2025-12-11 00:00:00'),
(492, 2, 7, 9, 'Lounge sofa', 3, 'pcs', 'fair', 774.66, 1, 16, 'available', '2025-12-12 00:00:00'),
(493, 1, 6, 5, 'Ventilation grille', 34.8, 'm2', 'good', 15156.03, 6, 61, 'draft', '2025-11-10 00:00:00'),
(494, 4, 15, 17, 'Timber lumber', 1, 'pcs', 'good', 24737.62, 8, 83, 'available', '2025-08-07 00:00:00'),
(495, 7, 28, 30, 'Brick pallet', 20, 'pcs', 'good', 13771.72, 8, 85, 'disposed', '2025-07-01 00:00:00'),
(496, 6, 21, 27, 'Sit-stand desk', 9, 'pcs', 'fair', 9540.01, 2, 23, 'classified', '2025-08-20 00:00:00'),
(497, 3, 12, 11, 'Acoustic ceiling panel', 17.3, 'm2', 'fair', 22157.19, 6, 66, 'available', '2026-01-02 00:00:00'),
(498, 4, 14, 16, 'Bar stool', 8, 'pcs', 'fair', 19052.52, 1, 11, 'internally_matched', '2025-05-31 00:00:00'),
(499, 1, 2, 6, 'Plasterboard sheet', 7.6, 'm2', 'good', 19780.79, 6, 67, 'draft', '2025-11-29 00:00:00'),
(500, 5, 18, 20, 'Facade panel', 8, 'pcs', 'good', 1824.81, 8, 85, 'disposed', '2025-09-05 00:00:00');

-- AI CLASSIFICATIONS
INSERT INTO ai_classifications (id, material_item_id, yolo_predicted_category_id, yolo_confidence_score, llm_decision, llm_suggested_category_id, final_category_id, model_version, classified_at) VALUES
(1, 1, 4, 0.6424, 'overridden', 6, 6, 'yolov7-nl-v1', '2025-05-21 00:06:00'),
(2, 2, 4, 0.9302, 'overridden', 9, 9, 'yolov7-nl-v2', '2025-11-27 00:03:00'),
(3, 3, 2, 0.6726, 'confirmed', NULL, 2, 'yolov7-nl-v1', '2025-08-07 00:05:00'),
(4, 6, 7, 0.6048, 'confirmed', NULL, 7, 'yolov7-nl-v2', '2025-10-08 00:09:00'),
(5, 7, 3, 0.6824, 'confirmed', NULL, 3, 'yolov7-nl-v1', '2025-07-29 00:05:00'),
(6, 8, 4, 0.8421, 'confirmed', NULL, 4, 'yolov7-nl-v2', '2025-06-13 00:02:00'),
(7, 9, 1, 0.8564, 'confirmed', NULL, 1, 'yolov7-nl-v2', '2026-02-19 00:07:00'),
(8, 10, 7, 0.8437, 'overridden', 2, 2, 'yolov7-nl-v2', '2025-07-08 00:10:00'),
(9, 11, 8, 0.6553, 'confirmed', NULL, 8, 'yolov7-nl-v2', '2026-01-22 00:02:00'),
(10, 12, 8, 0.6956, 'confirmed', NULL, 8, 'yolov7-nl-v2', '2025-06-02 00:07:00'),
(11, 13, 8, 0.8732, 'confirmed', NULL, 8, 'yolov7-nl-v1', '2025-12-01 00:08:00'),
(12, 14, 3, 0.7234, 'confirmed', NULL, 3, 'yolov7-nl-v1', '2026-01-29 00:02:00'),
(13, 15, 2, 0.586, 'confirmed', NULL, 2, 'yolov7-nl-v1', '2025-12-02 00:09:00'),
(14, 16, 8, 0.6459, 'confirmed', NULL, 8, 'yolov7-nl-v2', '2025-06-28 00:06:00'),
(15, 17, 1, 0.8539, 'confirmed', NULL, 1, 'yolov7-nl-v1', '2025-08-10 00:02:00'),
(16, 19, 9, 0.9546, 'confirmed', NULL, 9, 'yolov7-nl-v2', '2025-09-16 00:08:00'),
(17, 20, 8, 0.7675, 'confirmed', NULL, 8, 'yolov7-nl-v2', '2025-11-11 00:03:00'),
(18, 21, 8, 0.8836, 'confirmed', NULL, 8, 'yolov7-nl-v2', '2025-11-25 00:08:00'),
(19, 22, 4, 0.8593, 'confirmed', NULL, 4, 'yolov7-nl-v2', '2026-02-06 00:05:00'),
(20, 23, 8, 0.9814, 'confirmed', NULL, 8, 'yolov7-nl-v1', '2026-01-24 00:05:00'),
(21, 24, 1, 0.5554, 'confirmed', NULL, 1, 'yolov7-nl-v2', '2026-01-07 00:08:00'),
(22, 25, 9, 0.9069, 'confirmed', NULL, 9, 'yolov7-nl-v2', '2025-05-28 00:02:00'),
(23, 26, 8, 0.8233, 'confirmed', NULL, 8, 'yolov7-nl-v1', '2025-12-06 00:04:00'),
(24, 27, 2, 0.8611, 'confirmed', NULL, 2, 'yolov7-nl-v2', '2025-05-17 00:02:00'),
(25, 28, 5, 0.7432, 'rejected', NULL, 9, 'yolov7-nl-v2', '2026-02-16 00:05:00'),
(26, 29, 5, 0.9732, 'confirmed', NULL, 5, 'yolov7-nl-v1', '2025-05-14 00:05:00'),
(27, 30, 9, 0.6913, 'confirmed', NULL, 9, 'yolov7-nl-v1', '2025-10-26 00:03:00'),
(28, 31, 1, 0.913, 'overridden', 8, 8, 'yolov7-nl-v2', '2025-11-23 00:07:00'),
(29, 32, 6, 0.9782, 'confirmed', NULL, 6, 'yolov7-nl-v1', '2026-01-04 00:03:00'),
(30, 33, 9, 0.6703, 'confirmed', NULL, 9, 'yolov7-nl-v2', '2025-09-27 00:08:00'),
(31, 34, 9, 0.5511, 'confirmed', NULL, 9, 'yolov7-nl-v2', '2026-01-15 00:10:00'),
(32, 35, 5, 0.6551, 'rejected', NULL, 9, 'yolov7-nl-v2', '2025-08-05 00:04:00'),
(33, 36, 8, 0.5663, 'confirmed', NULL, 8, 'yolov7-nl-v2', '2025-07-17 00:02:00'),
(34, 37, 1, 0.9248, 'confirmed', NULL, 1, 'yolov7-nl-v2', '2025-11-20 00:06:00'),
(35, 38, 2, 0.8554, 'confirmed', NULL, 2, 'yolov7-nl-v1', '2025-06-21 00:01:00'),
(36, 39, 4, 0.7183, 'confirmed', NULL, 4, 'yolov7-nl-v1', '2025-06-10 00:08:00'),
(37, 40, 4, 0.6816, 'rejected', NULL, 9, 'yolov7-nl-v2', '2025-10-24 00:05:00'),
(38, 41, 9, 0.9152, 'confirmed', NULL, 9, 'yolov7-nl-v2', '2025-09-29 00:05:00'),
(39, 42, 5, 0.9475, 'confirmed', NULL, 5, 'yolov7-nl-v1', '2025-07-10 00:05:00'),
(40, 43, 1, 0.9519, 'confirmed', NULL, 1, 'yolov7-nl-v1', '2025-11-04 00:05:00'),
(41, 44, 8, 0.904, 'rejected', NULL, 9, 'yolov7-nl-v2', '2025-11-20 00:02:00'),
(42, 45, 5, 0.6529, 'confirmed', NULL, 5, 'yolov7-nl-v1', '2025-11-07 00:10:00'),
(43, 47, 8, 0.8766, 'confirmed', NULL, 8, 'yolov7-nl-v1', '2026-02-01 00:07:00'),
(44, 48, 7, 0.9803, 'confirmed', NULL, 7, 'yolov7-nl-v2', '2025-11-05 00:01:00'),
(45, 49, 7, 0.9151, 'confirmed', NULL, 7, 'yolov7-nl-v1', '2026-02-14 00:10:00'),
(46, 50, 1, 0.7076, 'confirmed', NULL, 1, 'yolov7-nl-v1', '2025-05-14 00:10:00'),
(47, 51, 8, 0.6475, 'confirmed', NULL, 8, 'yolov7-nl-v1', '2025-06-25 00:09:00'),
(48, 52, 8, 0.5789, 'confirmed', NULL, 8, 'yolov7-nl-v2', '2025-10-12 00:10:00'),
(49, 53, 9, 0.6446, 'overridden', 5, 5, 'yolov7-nl-v1', '2026-02-07 00:07:00'),
(50, 54, 3, 0.5876, 'confirmed', NULL, 3, 'yolov7-nl-v2', '2025-06-04 00:02:00'),
(51, 55, 7, 0.8043, 'confirmed', NULL, 7, 'yolov7-nl-v1', '2025-10-07 00:03:00'),
(52, 56, 1, 0.9588, 'confirmed', NULL, 1, 'yolov7-nl-v2', '2026-02-10 00:01:00'),
(53, 58, 1, 0.6185, 'overridden', 4, 4, 'yolov7-nl-v1', '2025-06-13 00:05:00'),
(54, 59, 4, 0.8435, 'confirmed', NULL, 4, 'yolov7-nl-v1', '2026-02-28 00:04:00'),
(55, 60, 8, 0.6273, 'overridden', 3, 3, 'yolov7-nl-v1', '2026-01-10 00:09:00'),
(56, 61, 8, 0.8622, 'confirmed', NULL, 8, 'yolov7-nl-v2', '2025-12-06 00:05:00'),
(57, 62, 4, 0.933, 'confirmed', NULL, 4, 'yolov7-nl-v2', '2026-01-24 00:04:00'),
(58, 63, 5, 0.6368, 'confirmed', NULL, 5, 'yolov7-nl-v1', '2025-06-22 00:02:00'),
(59, 64, 6, 0.8102, 'overridden', 8, 8, 'yolov7-nl-v1', '2025-10-03 00:05:00'),
(60, 65, 1, 0.9063, 'confirmed', NULL, 1, 'yolov7-nl-v1', '2025-05-22 00:06:00'),
(61, 66, 1, 0.8183, 'confirmed', NULL, 1, 'yolov7-nl-v2', '2025-12-11 00:06:00'),
(62, 67, 1, 0.8064, 'confirmed', NULL, 1, 'yolov7-nl-v1', '2025-07-16 00:06:00'),
(63, 68, 7, 0.845, 'confirmed', NULL, 7, 'yolov7-nl-v2', '2026-01-25 00:01:00'),
(64, 69, 1, 0.9388, 'overridden', 2, 2, 'yolov7-nl-v2', '2026-02-01 00:10:00'),
(65, 70, 8, 0.8811, 'confirmed', NULL, 8, 'yolov7-nl-v2', '2025-12-14 00:04:00'),
(66, 71, 7, 0.9094, 'rejected', NULL, 9, 'yolov7-nl-v1', '2025-12-01 00:05:00'),
(67, 72, 8, 0.7759, 'confirmed', NULL, 8, 'yolov7-nl-v2', '2025-09-17 00:02:00'),
(68, 73, 4, 0.5936, 'confirmed', NULL, 4, 'yolov7-nl-v2', '2025-05-15 00:03:00'),
(69, 74, 4, 0.8915, 'confirmed', NULL, 4, 'yolov7-nl-v1', '2026-01-26 00:05:00'),
(70, 75, 1, 0.6558, 'confirmed', NULL, 1, 'yolov7-nl-v2', '2025-05-01 00:03:00'),
(71, 76, 5, 0.5571, 'confirmed', NULL, 5, 'yolov7-nl-v1', '2025-11-08 00:06:00'),
(72, 77, 1, 0.9071, 'confirmed', NULL, 1, 'yolov7-nl-v1', '2026-01-01 00:08:00'),
(73, 78, 3, 0.9293, 'confirmed', NULL, 3, 'yolov7-nl-v1', '2025-08-06 00:06:00'),
(74, 79, 8, 0.5863, 'confirmed', NULL, 8, 'yolov7-nl-v2', '2026-01-21 00:02:00'),
(75, 80, 1, 0.8698, 'confirmed', NULL, 1, 'yolov7-nl-v2', '2025-10-27 00:10:00'),
(76, 81, 6, 0.5796, 'confirmed', NULL, 6, 'yolov7-nl-v2', '2025-12-11 00:06:00'),
(77, 82, 7, 0.6726, 'confirmed', NULL, 7, 'yolov7-nl-v1', '2025-11-20 00:01:00'),
(78, 83, 2, 0.6097, 'confirmed', NULL, 2, 'yolov7-nl-v1', '2026-01-07 00:08:00'),
(79, 84, 2, 0.7739, 'overridden', 7, 7, 'yolov7-nl-v1', '2025-07-29 00:03:00'),
(80, 85, 6, 0.8884, 'confirmed', NULL, 6, 'yolov7-nl-v1', '2026-01-01 00:03:00'),
(81, 86, 7, 0.932, 'confirmed', NULL, 7, 'yolov7-nl-v1', '2025-12-08 00:09:00'),
(82, 87, 3, 0.8203, 'confirmed', NULL, 3, 'yolov7-nl-v1', '2025-07-04 00:09:00'),
(83, 88, 8, 0.8875, 'confirmed', NULL, 8, 'yolov7-nl-v2', '2025-09-13 00:10:00'),
(84, 89, 5, 0.8169, 'confirmed', NULL, 5, 'yolov7-nl-v2', '2025-12-24 00:06:00'),
(85, 90, 5, 0.719, 'confirmed', NULL, 5, 'yolov7-nl-v2', '2025-05-26 00:04:00'),
(86, 91, 3, 0.7724, 'rejected', NULL, 9, 'yolov7-nl-v1', '2025-06-16 00:04:00'),
(87, 92, 8, 0.8701, 'overridden', 3, 3, 'yolov7-nl-v2', '2025-07-08 00:01:00'),
(88, 93, 1, 0.5925, 'confirmed', NULL, 1, 'yolov7-nl-v2', '2025-06-30 00:06:00'),
(89, 94, 5, 0.9598, 'confirmed', NULL, 5, 'yolov7-nl-v2', '2026-01-19 00:03:00'),
(90, 96, 8, 0.8674, 'confirmed', NULL, 8, 'yolov7-nl-v2', '2026-02-21 00:03:00'),
(91, 97, 1, 0.891, 'confirmed', NULL, 1, 'yolov7-nl-v2', '2025-08-13 00:01:00'),
(92, 98, 5, 0.6346, 'confirmed', NULL, 5, 'yolov7-nl-v1', '2025-09-13 00:05:00'),
(93, 99, 7, 0.8023, 'confirmed', NULL, 7, 'yolov7-nl-v2', '2025-09-18 00:07:00'),
(94, 100, 9, 0.7973, 'confirmed', NULL, 9, 'yolov7-nl-v2', '2026-01-31 00:03:00'),
(95, 101, 7, 0.6105, 'confirmed', NULL, 7, 'yolov7-nl-v1', '2025-06-21 00:07:00'),
(96, 102, 4, 0.627, 'overridden', 3, 3, 'yolov7-nl-v1', '2025-05-20 00:07:00'),
(97, 103, 9, 0.609, 'overridden', 3, 3, 'yolov7-nl-v2', '2026-01-08 00:04:00'),
(98, 104, 7, 0.831, 'confirmed', NULL, 7, 'yolov7-nl-v2', '2025-07-29 00:07:00'),
(99, 105, 9, 0.6829, 'rejected', NULL, 9, 'yolov7-nl-v1', '2025-09-14 00:05:00'),
(100, 106, 1, 0.831, 'confirmed', NULL, 1, 'yolov7-nl-v2', '2025-10-07 00:06:00'),
(101, 107, 2, 0.8494, 'overridden', 4, 4, 'yolov7-nl-v2', '2025-08-20 00:09:00'),
(102, 108, 6, 0.9455, 'confirmed', NULL, 6, 'yolov7-nl-v2', '2026-02-23 00:01:00'),
(103, 109, 1, 0.7364, 'confirmed', NULL, 1, 'yolov7-nl-v1', '2026-02-21 00:09:00'),
(104, 110, 4, 0.8504, 'confirmed', NULL, 4, 'yolov7-nl-v1', '2025-11-10 00:06:00'),
(105, 111, 7, 0.7169, 'confirmed', NULL, 7, 'yolov7-nl-v1', '2026-02-03 00:04:00'),
(106, 113, 4, 0.8131, 'confirmed', NULL, 4, 'yolov7-nl-v2', '2026-02-19 00:04:00'),
(107, 114, 3, 0.8454, 'rejected', NULL, 9, 'yolov7-nl-v2', '2025-10-24 00:07:00'),
(108, 115, 8, 0.7974, 'overridden', 3, 3, 'yolov7-nl-v1', '2025-12-24 00:07:00'),
(109, 116, 4, 0.6328, 'overridden', 9, 9, 'yolov7-nl-v2', '2025-05-21 00:04:00'),
(110, 117, 5, 0.7929, 'overridden', 9, 9, 'yolov7-nl-v2', '2025-11-20 00:08:00'),
(111, 118, 5, 0.7321, 'confirmed', NULL, 5, 'yolov7-nl-v1', '2025-08-13 00:03:00'),
(112, 119, 2, 0.9115, 'confirmed', NULL, 2, 'yolov7-nl-v2', '2025-10-20 00:08:00'),
(113, 120, 5, 0.7315, 'overridden', 2, 2, 'yolov7-nl-v1', '2025-05-25 00:03:00'),
(114, 121, 6, 0.6709, 'confirmed', NULL, 6, 'yolov7-nl-v2', '2025-05-09 00:01:00'),
(115, 122, 9, 0.9721, 'confirmed', NULL, 9, 'yolov7-nl-v2', '2025-11-20 00:10:00'),
(116, 123, 7, 0.5864, 'confirmed', NULL, 7, 'yolov7-nl-v2', '2025-05-05 00:06:00'),
(117, 124, 8, 0.5645, 'confirmed', NULL, 8, 'yolov7-nl-v2', '2026-02-03 00:01:00'),
(118, 125, 3, 0.8755, 'confirmed', NULL, 3, 'yolov7-nl-v1', '2025-10-17 00:09:00'),
(119, 126, 2, 0.6703, 'confirmed', NULL, 2, 'yolov7-nl-v2', '2025-10-15 00:08:00'),
(120, 127, 7, 0.8631, 'confirmed', NULL, 7, 'yolov7-nl-v1', '2025-09-15 00:07:00'),
(121, 128, 4, 0.5616, 'confirmed', NULL, 4, 'yolov7-nl-v2', '2026-01-18 00:09:00'),
(122, 129, 3, 0.6246, 'confirmed', NULL, 3, 'yolov7-nl-v2', '2025-09-02 00:03:00'),
(123, 130, 5, 0.7682, 'overridden', 1, 1, 'yolov7-nl-v2', '2025-09-04 00:02:00'),
(124, 131, 3, 0.6911, 'confirmed', NULL, 3, 'yolov7-nl-v1', '2026-03-01 00:08:00'),
(125, 132, 7, 0.7981, 'confirmed', NULL, 7, 'yolov7-nl-v1', '2025-11-03 00:09:00'),
(126, 133, 8, 0.8647, 'confirmed', NULL, 8, 'yolov7-nl-v2', '2025-09-07 00:02:00'),
(127, 134, 5, 0.5874, 'confirmed', NULL, 5, 'yolov7-nl-v1', '2026-03-01 00:06:00'),
(128, 136, 3, 0.733, 'confirmed', NULL, 3, 'yolov7-nl-v1', '2026-01-03 00:02:00'),
(129, 137, 3, 0.6821, 'confirmed', NULL, 3, 'yolov7-nl-v1', '2025-12-18 00:01:00'),
(130, 138, 9, 0.7282, 'confirmed', NULL, 9, 'yolov7-nl-v1', '2025-12-23 00:03:00'),
(131, 139, 8, 0.9018, 'confirmed', NULL, 8, 'yolov7-nl-v1', '2025-06-02 00:06:00'),
(132, 140, 5, 0.908, 'confirmed', NULL, 5, 'yolov7-nl-v2', '2025-12-21 00:10:00'),
(133, 141, 2, 0.7361, 'confirmed', NULL, 2, 'yolov7-nl-v2', '2025-07-10 00:09:00'),
(134, 142, 3, 0.9087, 'confirmed', NULL, 3, 'yolov7-nl-v2', '2026-01-04 00:07:00'),
(135, 143, 1, 0.8899, 'confirmed', NULL, 1, 'yolov7-nl-v2', '2025-12-21 00:09:00'),
(136, 144, 5, 0.9897, 'confirmed', NULL, 5, 'yolov7-nl-v2', '2025-09-04 00:05:00'),
(137, 145, 1, 0.908, 'overridden', 2, 2, 'yolov7-nl-v2', '2025-07-11 00:09:00'),
(138, 146, 4, 0.9867, 'overridden', 3, 3, 'yolov7-nl-v1', '2025-11-27 00:04:00'),
(139, 147, 1, 0.8799, 'confirmed', NULL, 1, 'yolov7-nl-v2', '2025-06-17 00:08:00'),
(140, 148, 8, 0.6921, 'confirmed', NULL, 8, 'yolov7-nl-v2', '2025-08-17 00:06:00'),
(141, 149, 1, 0.853, 'confirmed', NULL, 1, 'yolov7-nl-v1', '2025-12-06 00:05:00'),
(142, 150, 2, 0.5901, 'confirmed', NULL, 2, 'yolov7-nl-v1', '2025-08-28 00:01:00'),
(143, 151, 7, 0.5951, 'overridden', 1, 1, 'yolov7-nl-v2', '2025-06-15 00:05:00'),
(144, 152, 2, 0.5881, 'overridden', 6, 6, 'yolov7-nl-v1', '2025-12-13 00:02:00'),
(145, 153, 5, 0.8538, 'overridden', 8, 8, 'yolov7-nl-v1', '2025-09-23 00:09:00'),
(146, 154, 8, 0.9802, 'confirmed', NULL, 8, 'yolov7-nl-v2', '2025-06-06 00:06:00'),
(147, 155, 7, 0.9674, 'rejected', NULL, 9, 'yolov7-nl-v2', '2025-05-21 00:09:00'),
(148, 156, 8, 0.775, 'confirmed', NULL, 8, 'yolov7-nl-v1', '2025-06-12 00:03:00'),
(149, 157, 7, 0.8763, 'confirmed', NULL, 7, 'yolov7-nl-v1', '2025-05-29 00:02:00'),
(150, 158, 7, 0.5629, 'overridden', 9, 9, 'yolov7-nl-v2', '2025-06-30 00:09:00'),
(151, 159, 5, 0.6007, 'confirmed', NULL, 5, 'yolov7-nl-v1', '2026-02-18 00:01:00'),
(152, 160, 3, 0.6592, 'confirmed', NULL, 3, 'yolov7-nl-v2', '2025-12-01 00:05:00'),
(153, 161, 5, 0.9311, 'overridden', 7, 7, 'yolov7-nl-v2', '2025-06-05 00:02:00'),
(154, 162, 4, 0.7905, 'overridden', 5, 5, 'yolov7-nl-v1', '2025-08-09 00:01:00'),
(155, 163, 9, 0.7347, 'rejected', NULL, 9, 'yolov7-nl-v1', '2026-01-27 00:03:00'),
(156, 164, 9, 0.9108, 'confirmed', NULL, 9, 'yolov7-nl-v1', '2026-01-14 00:10:00'),
(157, 165, 2, 0.9652, 'confirmed', NULL, 2, 'yolov7-nl-v1', '2025-09-17 00:10:00'),
(158, 166, 6, 0.5898, 'overridden', 3, 3, 'yolov7-nl-v1', '2025-09-13 00:04:00'),
(159, 167, 9, 0.926, 'rejected', NULL, 9, 'yolov7-nl-v1', '2025-05-16 00:02:00'),
(160, 168, 1, 0.6639, 'confirmed', NULL, 1, 'yolov7-nl-v1', '2025-06-13 00:01:00'),
(161, 169, 8, 0.8687, 'confirmed', NULL, 8, 'yolov7-nl-v2', '2026-02-18 00:01:00'),
(162, 170, 8, 0.7695, 'confirmed', NULL, 8, 'yolov7-nl-v2', '2025-09-03 00:01:00'),
(163, 171, 6, 0.8938, 'confirmed', NULL, 6, 'yolov7-nl-v2', '2025-10-31 00:10:00'),
(164, 172, 3, 0.9786, 'rejected', NULL, 9, 'yolov7-nl-v1', '2026-02-24 00:04:00'),
(165, 173, 8, 0.9047, 'confirmed', NULL, 8, 'yolov7-nl-v2', '2025-08-30 00:10:00'),
(166, 174, 1, 0.5588, 'confirmed', NULL, 1, 'yolov7-nl-v2', '2025-08-28 00:01:00'),
(167, 175, 2, 0.9287, 'overridden', 7, 7, 'yolov7-nl-v2', '2025-06-26 00:07:00'),
(168, 176, 9, 0.8091, 'confirmed', NULL, 9, 'yolov7-nl-v1', '2025-10-30 00:07:00'),
(169, 177, 7, 0.5958, 'confirmed', NULL, 7, 'yolov7-nl-v2', '2025-08-22 00:03:00'),
(170, 178, 2, 0.8963, 'confirmed', NULL, 2, 'yolov7-nl-v1', '2025-06-04 00:01:00'),
(171, 179, 5, 0.5824, 'confirmed', NULL, 5, 'yolov7-nl-v1', '2025-08-24 00:05:00'),
(172, 180, 2, 0.943, 'rejected', NULL, 9, 'yolov7-nl-v1', '2026-03-01 00:07:00'),
(173, 181, 1, 0.6739, 'confirmed', NULL, 1, 'yolov7-nl-v1', '2026-02-01 00:02:00'),
(174, 182, 3, 0.6252, 'confirmed', NULL, 3, 'yolov7-nl-v2', '2025-06-19 00:02:00'),
(175, 183, 5, 0.6659, 'confirmed', NULL, 5, 'yolov7-nl-v2', '2025-08-04 00:05:00'),
(176, 184, 7, 0.92, 'confirmed', NULL, 7, 'yolov7-nl-v2', '2025-08-25 00:09:00'),
(177, 185, 1, 0.9057, 'rejected', NULL, 9, 'yolov7-nl-v1', '2025-07-25 00:01:00'),
(178, 186, 2, 0.7948, 'confirmed', NULL, 2, 'yolov7-nl-v2', '2025-06-04 00:05:00'),
(179, 187, 6, 0.9363, 'overridden', 1, 1, 'yolov7-nl-v2', '2026-01-30 00:08:00'),
(180, 188, 4, 0.7591, 'confirmed', NULL, 4, 'yolov7-nl-v2', '2025-08-30 00:06:00'),
(181, 189, 8, 0.7334, 'confirmed', NULL, 8, 'yolov7-nl-v1', '2025-10-12 00:04:00'),
(182, 190, 4, 0.5627, 'overridden', 8, 8, 'yolov7-nl-v1', '2026-01-24 00:01:00'),
(183, 191, 2, 0.7651, 'confirmed', NULL, 2, 'yolov7-nl-v2', '2025-05-16 00:03:00'),
(184, 192, 4, 0.8348, 'overridden', 8, 8, 'yolov7-nl-v2', '2025-08-18 00:07:00'),
(185, 193, 6, 0.7156, 'confirmed', NULL, 6, 'yolov7-nl-v2', '2025-09-18 00:08:00'),
(186, 194, 8, 0.8113, 'confirmed', NULL, 8, 'yolov7-nl-v2', '2025-11-08 00:05:00'),
(187, 195, 8, 0.9459, 'overridden', 6, 6, 'yolov7-nl-v2', '2026-01-20 00:03:00'),
(188, 196, 9, 0.6478, 'overridden', 8, 8, 'yolov7-nl-v2', '2025-10-23 00:09:00'),
(189, 197, 5, 0.6478, 'confirmed', NULL, 5, 'yolov7-nl-v1', '2025-10-19 00:05:00'),
(190, 198, 3, 0.6356, 'confirmed', NULL, 3, 'yolov7-nl-v1', '2025-06-06 00:07:00'),
(191, 199, 3, 0.7645, 'overridden', 9, 9, 'yolov7-nl-v2', '2025-08-01 00:01:00'),
(192, 200, 5, 0.7849, 'confirmed', NULL, 5, 'yolov7-nl-v2', '2025-11-13 00:01:00'),
(193, 201, 6, 0.5787, 'confirmed', NULL, 6, 'yolov7-nl-v1', '2026-02-26 00:05:00'),
(194, 202, 9, 0.6487, 'confirmed', NULL, 9, 'yolov7-nl-v1', '2025-11-23 00:04:00'),
(195, 203, 7, 0.8376, 'confirmed', NULL, 7, 'yolov7-nl-v1', '2025-05-25 00:01:00'),
(196, 204, 5, 0.6688, 'confirmed', NULL, 5, 'yolov7-nl-v1', '2025-06-21 00:07:00'),
(197, 205, 8, 0.7303, 'confirmed', NULL, 8, 'yolov7-nl-v1', '2025-08-12 00:01:00'),
(198, 206, 1, 0.8684, 'confirmed', NULL, 1, 'yolov7-nl-v2', '2026-01-17 00:04:00'),
(199, 207, 1, 0.8836, 'confirmed', NULL, 1, 'yolov7-nl-v1', '2025-06-29 00:01:00'),
(200, 208, 8, 0.6696, 'rejected', NULL, 9, 'yolov7-nl-v2', '2025-11-21 00:08:00'),
(201, 209, 1, 0.7171, 'confirmed', NULL, 1, 'yolov7-nl-v2', '2025-12-11 00:10:00'),
(202, 211, 1, 0.8197, 'overridden', 4, 4, 'yolov7-nl-v1', '2026-02-10 00:09:00'),
(203, 212, 3, 0.7454, 'confirmed', NULL, 3, 'yolov7-nl-v2', '2025-08-29 00:02:00'),
(204, 214, 2, 0.8227, 'confirmed', NULL, 2, 'yolov7-nl-v2', '2025-10-17 00:06:00'),
(205, 216, 1, 0.5974, 'confirmed', NULL, 1, 'yolov7-nl-v2', '2025-08-06 00:01:00'),
(206, 217, 3, 0.7625, 'overridden', 7, 7, 'yolov7-nl-v1', '2025-12-08 00:03:00'),
(207, 218, 6, 0.6108, 'overridden', 4, 4, 'yolov7-nl-v2', '2025-12-18 00:09:00'),
(208, 219, 7, 0.7974, 'overridden', 9, 9, 'yolov7-nl-v2', '2025-06-29 00:07:00'),
(209, 220, 1, 0.5773, 'confirmed', NULL, 1, 'yolov7-nl-v2', '2025-09-06 00:04:00'),
(210, 221, 6, 0.5707, 'confirmed', NULL, 6, 'yolov7-nl-v2', '2025-09-25 00:07:00'),
(211, 222, 7, 0.86, 'overridden', 1, 1, 'yolov7-nl-v1', '2025-08-24 00:04:00'),
(212, 223, 9, 0.5525, 'overridden', 8, 8, 'yolov7-nl-v1', '2026-02-24 00:01:00'),
(213, 224, 8, 0.6309, 'confirmed', NULL, 8, 'yolov7-nl-v1', '2026-01-25 00:09:00'),
(214, 225, 2, 0.797, 'confirmed', NULL, 2, 'yolov7-nl-v1', '2026-01-27 00:02:00'),
(215, 226, 9, 0.715, 'overridden', 7, 7, 'yolov7-nl-v2', '2026-01-20 00:01:00'),
(216, 227, 2, 0.7367, 'overridden', 9, 9, 'yolov7-nl-v1', '2025-08-18 00:09:00'),
(217, 228, 1, 0.6502, 'confirmed', NULL, 1, 'yolov7-nl-v2', '2025-06-06 00:07:00'),
(218, 230, 3, 0.7847, 'confirmed', NULL, 3, 'yolov7-nl-v1', '2025-05-16 00:07:00'),
(219, 232, 9, 0.6471, 'confirmed', NULL, 9, 'yolov7-nl-v2', '2025-07-12 00:04:00'),
(220, 233, 6, 0.8454, 'confirmed', NULL, 6, 'yolov7-nl-v1', '2025-10-17 00:02:00'),
(221, 234, 4, 0.6242, 'rejected', NULL, 9, 'yolov7-nl-v2', '2025-10-09 00:04:00'),
(222, 235, 8, 0.834, 'confirmed', NULL, 8, 'yolov7-nl-v1', '2026-02-07 00:05:00'),
(223, 236, 7, 0.5661, 'confirmed', NULL, 7, 'yolov7-nl-v2', '2026-02-27 00:09:00'),
(224, 237, 4, 0.8416, 'confirmed', NULL, 4, 'yolov7-nl-v1', '2025-11-03 00:09:00'),
(225, 238, 9, 0.8982, 'confirmed', NULL, 9, 'yolov7-nl-v2', '2025-08-14 00:08:00'),
(226, 239, 1, 0.8375, 'confirmed', NULL, 1, 'yolov7-nl-v1', '2025-11-10 00:09:00'),
(227, 240, 5, 0.6431, 'confirmed', NULL, 5, 'yolov7-nl-v1', '2026-01-19 00:03:00'),
(228, 241, 4, 0.7308, 'confirmed', NULL, 4, 'yolov7-nl-v1', '2025-07-22 00:01:00'),
(229, 242, 8, 0.9365, 'confirmed', NULL, 8, 'yolov7-nl-v2', '2026-02-13 00:02:00'),
(230, 243, 2, 0.8686, 'confirmed', NULL, 2, 'yolov7-nl-v2', '2026-01-17 00:08:00'),
(231, 244, 1, 0.6281, 'confirmed', NULL, 1, 'yolov7-nl-v1', '2025-07-16 00:09:00'),
(232, 246, 8, 0.6089, 'confirmed', NULL, 8, 'yolov7-nl-v2', '2026-02-19 00:04:00'),
(233, 248, 1, 0.7249, 'rejected', NULL, 9, 'yolov7-nl-v1', '2025-09-19 00:07:00'),
(234, 249, 4, 0.8401, 'overridden', 5, 5, 'yolov7-nl-v2', '2025-07-10 00:03:00'),
(235, 250, 6, 0.7416, 'rejected', NULL, 9, 'yolov7-nl-v1', '2025-12-28 00:05:00'),
(236, 251, 6, 0.7431, 'confirmed', NULL, 6, 'yolov7-nl-v1', '2025-07-29 00:09:00'),
(237, 252, 3, 0.6381, 'confirmed', NULL, 3, 'yolov7-nl-v1', '2025-11-19 00:02:00'),
(238, 253, 9, 0.6649, 'confirmed', NULL, 9, 'yolov7-nl-v2', '2025-11-23 00:09:00'),
(239, 254, 8, 0.7519, 'rejected', NULL, 9, 'yolov7-nl-v2', '2025-10-21 00:10:00'),
(240, 255, 2, 0.5543, 'confirmed', NULL, 2, 'yolov7-nl-v2', '2025-10-28 00:04:00'),
(241, 256, 9, 0.6379, 'confirmed', NULL, 9, 'yolov7-nl-v1', '2025-08-06 00:05:00'),
(242, 257, 6, 0.7133, 'overridden', 8, 8, 'yolov7-nl-v2', '2025-05-22 00:10:00'),
(243, 258, 2, 0.7232, 'confirmed', NULL, 2, 'yolov7-nl-v1', '2025-05-17 00:08:00'),
(244, 259, 1, 0.6543, 'confirmed', NULL, 1, 'yolov7-nl-v2', '2025-08-04 00:10:00'),
(245, 260, 4, 0.9082, 'confirmed', NULL, 4, 'yolov7-nl-v2', '2026-02-19 00:04:00'),
(246, 261, 6, 0.8955, 'overridden', 5, 5, 'yolov7-nl-v2', '2026-01-29 00:09:00'),
(247, 262, 1, 0.9064, 'confirmed', NULL, 1, 'yolov7-nl-v2', '2026-02-11 00:01:00'),
(248, 263, 7, 0.8319, 'overridden', 3, 3, 'yolov7-nl-v2', '2025-07-14 00:10:00'),
(249, 264, 9, 0.9631, 'overridden', 2, 2, 'yolov7-nl-v2', '2025-12-14 00:03:00'),
(250, 265, 9, 0.5616, 'confirmed', NULL, 9, 'yolov7-nl-v2', '2025-12-29 00:09:00'),
(251, 266, 1, 0.6251, 'confirmed', NULL, 1, 'yolov7-nl-v1', '2025-07-07 00:06:00'),
(252, 267, 9, 0.8315, 'confirmed', NULL, 9, 'yolov7-nl-v2', '2026-02-13 00:06:00'),
(253, 268, 3, 0.7564, 'confirmed', NULL, 3, 'yolov7-nl-v1', '2025-07-09 00:08:00'),
(254, 269, 8, 0.6218, 'confirmed', NULL, 8, 'yolov7-nl-v2', '2025-12-10 00:07:00'),
(255, 270, 5, 0.6303, 'overridden', 8, 8, 'yolov7-nl-v1', '2025-08-05 00:08:00'),
(256, 271, 4, 0.6524, 'overridden', 1, 1, 'yolov7-nl-v1', '2025-12-11 00:08:00'),
(257, 272, 4, 0.7569, 'confirmed', NULL, 4, 'yolov7-nl-v1', '2025-11-17 00:05:00'),
(258, 273, 3, 0.8498, 'confirmed', NULL, 3, 'yolov7-nl-v2', '2025-08-15 00:06:00'),
(259, 274, 5, 0.6538, 'rejected', NULL, 9, 'yolov7-nl-v2', '2025-08-20 00:06:00'),
(260, 275, 6, 0.5894, 'confirmed', NULL, 6, 'yolov7-nl-v1', '2025-07-19 00:08:00'),
(261, 276, 5, 0.743, 'overridden', 1, 1, 'yolov7-nl-v1', '2025-10-25 00:07:00'),
(262, 277, 7, 0.7561, 'confirmed', NULL, 7, 'yolov7-nl-v1', '2025-10-26 00:02:00'),
(263, 279, 7, 0.6919, 'confirmed', NULL, 7, 'yolov7-nl-v2', '2025-07-18 00:02:00'),
(264, 280, 2, 0.7814, 'confirmed', NULL, 2, 'yolov7-nl-v2', '2025-11-15 00:01:00'),
(265, 281, 5, 0.5757, 'overridden', 7, 7, 'yolov7-nl-v1', '2025-11-05 00:02:00'),
(266, 282, 7, 0.7956, 'confirmed', NULL, 7, 'yolov7-nl-v1', '2025-07-31 00:10:00'),
(267, 283, 8, 0.9471, 'rejected', NULL, 9, 'yolov7-nl-v2', '2025-12-13 00:06:00'),
(268, 284, 6, 0.7247, 'confirmed', NULL, 6, 'yolov7-nl-v1', '2025-12-18 00:05:00'),
(269, 285, 4, 0.775, 'overridden', 3, 3, 'yolov7-nl-v1', '2025-09-19 00:01:00'),
(270, 286, 9, 0.8684, 'overridden', 8, 8, 'yolov7-nl-v1', '2025-08-20 00:08:00'),
(271, 287, 1, 0.9318, 'confirmed', NULL, 1, 'yolov7-nl-v1', '2025-12-09 00:10:00'),
(272, 288, 5, 0.8812, 'rejected', NULL, 9, 'yolov7-nl-v1', '2025-11-18 00:04:00'),
(273, 289, 1, 0.7412, 'confirmed', NULL, 1, 'yolov7-nl-v1', '2025-06-13 00:03:00'),
(274, 290, 2, 0.8034, 'confirmed', NULL, 2, 'yolov7-nl-v1', '2025-10-13 00:07:00'),
(275, 291, 6, 0.9567, 'confirmed', NULL, 6, 'yolov7-nl-v1', '2025-07-14 00:04:00'),
(276, 292, 2, 0.696, 'confirmed', NULL, 2, 'yolov7-nl-v1', '2025-12-17 00:04:00'),
(277, 293, 7, 0.8972, 'confirmed', NULL, 7, 'yolov7-nl-v2', '2025-05-31 00:01:00'),
(278, 294, 7, 0.7738, 'rejected', NULL, 9, 'yolov7-nl-v1', '2025-08-27 00:06:00'),
(279, 295, 1, 0.7656, 'confirmed', NULL, 1, 'yolov7-nl-v1', '2026-01-27 00:01:00'),
(280, 296, 2, 0.9676, 'rejected', NULL, 9, 'yolov7-nl-v1', '2025-05-16 00:03:00'),
(281, 297, 1, 0.608, 'confirmed', NULL, 1, 'yolov7-nl-v1', '2025-10-16 00:10:00'),
(282, 298, 4, 0.9194, 'confirmed', NULL, 4, 'yolov7-nl-v1', '2025-06-30 00:01:00'),
(283, 299, 8, 0.8194, 'confirmed', NULL, 8, 'yolov7-nl-v1', '2025-09-14 00:04:00'),
(284, 300, 1, 0.5642, 'confirmed', NULL, 1, 'yolov7-nl-v1', '2025-07-23 00:05:00'),
(285, 301, 2, 0.8915, 'confirmed', NULL, 2, 'yolov7-nl-v2', '2025-09-04 00:06:00'),
(286, 303, 9, 0.754, 'overridden', 4, 4, 'yolov7-nl-v1', '2026-01-20 00:09:00'),
(287, 304, 3, 0.6926, 'confirmed', NULL, 3, 'yolov7-nl-v1', '2025-12-19 00:02:00'),
(288, 305, 5, 0.6252, 'confirmed', NULL, 5, 'yolov7-nl-v2', '2025-11-11 00:10:00'),
(289, 306, 8, 0.6079, 'confirmed', NULL, 8, 'yolov7-nl-v1', '2025-08-01 00:01:00'),
(290, 307, 8, 0.7444, 'confirmed', NULL, 8, 'yolov7-nl-v1', '2025-12-30 00:04:00'),
(291, 308, 1, 0.5886, 'confirmed', NULL, 1, 'yolov7-nl-v1', '2025-09-30 00:07:00'),
(292, 310, 8, 0.7321, 'confirmed', NULL, 8, 'yolov7-nl-v1', '2025-09-18 00:04:00'),
(293, 311, 4, 0.8708, 'confirmed', NULL, 4, 'yolov7-nl-v2', '2026-02-13 00:08:00'),
(294, 312, 1, 0.6969, 'confirmed', NULL, 1, 'yolov7-nl-v1', '2025-11-29 00:01:00'),
(295, 313, 1, 0.821, 'overridden', 3, 3, 'yolov7-nl-v1', '2025-11-19 00:04:00'),
(296, 314, 6, 0.5746, 'rejected', NULL, 9, 'yolov7-nl-v2', '2025-11-28 00:10:00'),
(297, 315, 1, 0.8257, 'rejected', NULL, 9, 'yolov7-nl-v1', '2025-10-21 00:10:00'),
(298, 316, 1, 0.9683, 'confirmed', NULL, 1, 'yolov7-nl-v1', '2025-11-07 00:09:00'),
(299, 317, 9, 0.8723, 'rejected', NULL, 9, 'yolov7-nl-v2', '2025-10-22 00:06:00'),
(300, 319, 8, 0.6761, 'confirmed', NULL, 8, 'yolov7-nl-v2', '2025-10-12 00:08:00'),
(301, 320, 1, 0.6254, 'confirmed', NULL, 1, 'yolov7-nl-v2', '2025-09-23 00:10:00'),
(302, 321, 1, 0.8537, 'confirmed', NULL, 1, 'yolov7-nl-v2', '2026-02-28 00:10:00'),
(303, 322, 5, 0.9669, 'confirmed', NULL, 5, 'yolov7-nl-v1', '2025-12-25 00:10:00'),
(304, 323, 6, 0.6742, 'overridden', 8, 8, 'yolov7-nl-v1', '2025-12-23 00:09:00'),
(305, 324, 8, 0.7189, 'rejected', NULL, 9, 'yolov7-nl-v2', '2025-07-21 00:04:00'),
(306, 325, 9, 0.6003, 'overridden', 8, 8, 'yolov7-nl-v2', '2026-02-18 00:09:00'),
(307, 326, 2, 0.9474, 'overridden', 1, 1, 'yolov7-nl-v1', '2025-07-11 00:03:00'),
(308, 327, 4, 0.9527, 'confirmed', NULL, 4, 'yolov7-nl-v1', '2025-12-09 00:10:00'),
(309, 328, 8, 0.6535, 'overridden', 1, 1, 'yolov7-nl-v2', '2025-09-22 00:07:00'),
(310, 329, 1, 0.5816, 'confirmed', NULL, 1, 'yolov7-nl-v1', '2025-07-04 00:03:00'),
(311, 330, 1, 0.748, 'confirmed', NULL, 1, 'yolov7-nl-v2', '2025-12-04 00:04:00'),
(312, 332, 6, 0.5844, 'confirmed', NULL, 6, 'yolov7-nl-v1', '2025-09-21 00:04:00'),
(313, 333, 6, 0.9727, 'confirmed', NULL, 6, 'yolov7-nl-v2', '2025-10-17 00:05:00'),
(314, 334, 2, 0.5863, 'confirmed', NULL, 2, 'yolov7-nl-v1', '2025-05-14 00:05:00'),
(315, 335, 1, 0.8583, 'confirmed', NULL, 1, 'yolov7-nl-v2', '2025-07-29 00:03:00'),
(316, 336, 6, 0.8731, 'confirmed', NULL, 6, 'yolov7-nl-v2', '2025-07-25 00:01:00'),
(317, 337, 4, 0.9329, 'confirmed', NULL, 4, 'yolov7-nl-v1', '2025-09-12 00:05:00'),
(318, 338, 7, 0.6675, 'confirmed', NULL, 7, 'yolov7-nl-v1', '2025-09-17 00:05:00'),
(319, 341, 2, 0.6313, 'overridden', 8, 8, 'yolov7-nl-v1', '2026-02-14 00:05:00'),
(320, 342, 9, 0.6964, 'confirmed', NULL, 9, 'yolov7-nl-v1', '2025-06-01 00:05:00'),
(321, 343, 5, 0.8331, 'confirmed', NULL, 5, 'yolov7-nl-v2', '2025-12-07 00:05:00'),
(322, 345, 2, 0.8936, 'overridden', 8, 8, 'yolov7-nl-v1', '2025-11-23 00:01:00'),
(323, 346, 5, 0.9255, 'confirmed', NULL, 5, 'yolov7-nl-v2', '2025-06-16 00:02:00'),
(324, 347, 4, 0.7427, 'overridden', 9, 9, 'yolov7-nl-v1', '2025-06-13 00:01:00'),
(325, 348, 1, 0.5747, 'confirmed', NULL, 1, 'yolov7-nl-v1', '2025-05-09 00:07:00'),
(326, 350, 2, 0.8118, 'confirmed', NULL, 2, 'yolov7-nl-v1', '2025-06-24 00:02:00'),
(327, 351, 7, 0.811, 'overridden', 4, 4, 'yolov7-nl-v1', '2025-08-18 00:02:00'),
(328, 352, 4, 0.7643, 'confirmed', NULL, 4, 'yolov7-nl-v1', '2025-07-20 00:01:00'),
(329, 353, 7, 0.8656, 'confirmed', NULL, 7, 'yolov7-nl-v1', '2025-05-20 00:05:00'),
(330, 354, 5, 0.8401, 'overridden', 9, 9, 'yolov7-nl-v1', '2025-12-24 00:04:00'),
(331, 355, 2, 0.8758, 'confirmed', NULL, 2, 'yolov7-nl-v1', '2025-12-19 00:03:00'),
(332, 356, 2, 0.6935, 'overridden', 7, 7, 'yolov7-nl-v1', '2025-08-26 00:07:00'),
(333, 357, 6, 0.6354, 'confirmed', NULL, 6, 'yolov7-nl-v2', '2025-07-09 00:05:00'),
(334, 358, 1, 0.8974, 'confirmed', NULL, 1, 'yolov7-nl-v1', '2025-09-29 00:10:00'),
(335, 359, 8, 0.7411, 'confirmed', NULL, 8, 'yolov7-nl-v1', '2025-09-04 00:10:00'),
(336, 360, 1, 0.6558, 'confirmed', NULL, 1, 'yolov7-nl-v1', '2025-06-20 00:07:00'),
(337, 361, 6, 0.7501, 'confirmed', NULL, 6, 'yolov7-nl-v1', '2026-02-23 00:07:00'),
(338, 362, 3, 0.6411, 'confirmed', NULL, 3, 'yolov7-nl-v1', '2026-02-02 00:10:00'),
(339, 363, 3, 0.8601, 'confirmed', NULL, 3, 'yolov7-nl-v1', '2025-07-29 00:03:00'),
(340, 364, 8, 0.5779, 'confirmed', NULL, 8, 'yolov7-nl-v2', '2025-12-03 00:08:00'),
(341, 365, 2, 0.6769, 'overridden', 4, 4, 'yolov7-nl-v1', '2025-11-17 00:03:00'),
(342, 366, 8, 0.7453, 'confirmed', NULL, 8, 'yolov7-nl-v1', '2025-12-29 00:05:00'),
(343, 367, 6, 0.9452, 'confirmed', NULL, 6, 'yolov7-nl-v2', '2025-10-03 00:03:00'),
(344, 368, 8, 0.6755, 'confirmed', NULL, 8, 'yolov7-nl-v1', '2025-07-22 00:03:00'),
(345, 369, 1, 0.7473, 'confirmed', NULL, 1, 'yolov7-nl-v1', '2025-10-24 00:09:00'),
(346, 370, 9, 0.6775, 'confirmed', NULL, 9, 'yolov7-nl-v1', '2025-09-29 00:10:00'),
(347, 371, 8, 0.5907, 'confirmed', NULL, 8, 'yolov7-nl-v1', '2025-08-21 00:10:00'),
(348, 372, 1, 0.9497, 'rejected', NULL, 9, 'yolov7-nl-v2', '2026-01-17 00:07:00'),
(349, 373, 3, 0.9406, 'confirmed', NULL, 3, 'yolov7-nl-v2', '2025-06-14 00:08:00'),
(350, 374, 8, 0.9724, 'confirmed', NULL, 8, 'yolov7-nl-v2', '2025-10-19 00:02:00'),
(351, 375, 9, 0.6837, 'overridden', 5, 5, 'yolov7-nl-v1', '2025-10-02 00:01:00'),
(352, 376, 3, 0.7669, 'overridden', 1, 1, 'yolov7-nl-v2', '2025-07-01 00:10:00'),
(353, 377, 9, 0.6907, 'confirmed', NULL, 9, 'yolov7-nl-v1', '2026-02-22 00:06:00'),
(354, 378, 2, 0.6306, 'overridden', 9, 9, 'yolov7-nl-v1', '2025-08-08 00:09:00'),
(355, 379, 1, 0.9552, 'confirmed', NULL, 1, 'yolov7-nl-v1', '2026-01-04 00:02:00'),
(356, 380, 4, 0.7445, 'confirmed', NULL, 4, 'yolov7-nl-v2', '2025-11-02 00:03:00'),
(357, 381, 8, 0.8909, 'confirmed', NULL, 8, 'yolov7-nl-v2', '2025-06-27 00:01:00'),
(358, 382, 8, 0.638, 'confirmed', NULL, 8, 'yolov7-nl-v2', '2025-08-14 00:01:00'),
(359, 383, 5, 0.7827, 'overridden', 3, 3, 'yolov7-nl-v2', '2026-02-21 00:03:00'),
(360, 384, 9, 0.7366, 'rejected', NULL, 9, 'yolov7-nl-v1', '2025-10-29 00:07:00'),
(361, 385, 4, 0.7672, 'confirmed', NULL, 4, 'yolov7-nl-v2', '2025-05-21 00:05:00'),
(362, 386, 2, 0.7117, 'rejected', NULL, 9, 'yolov7-nl-v1', '2025-12-30 00:08:00'),
(363, 387, 5, 0.9791, 'confirmed', NULL, 5, 'yolov7-nl-v2', '2025-07-26 00:04:00'),
(364, 388, 7, 0.8433, 'confirmed', NULL, 7, 'yolov7-nl-v2', '2025-11-21 00:08:00'),
(365, 389, 2, 0.9777, 'confirmed', NULL, 2, 'yolov7-nl-v2', '2026-01-11 00:10:00'),
(366, 390, 1, 0.9062, 'confirmed', NULL, 1, 'yolov7-nl-v1', '2025-09-11 00:01:00'),
(367, 391, 7, 0.6222, 'overridden', 8, 8, 'yolov7-nl-v1', '2025-10-03 00:05:00'),
(368, 392, 7, 0.8101, 'confirmed', NULL, 7, 'yolov7-nl-v2', '2025-11-17 00:10:00'),
(369, 393, 6, 0.7384, 'confirmed', NULL, 6, 'yolov7-nl-v2', '2025-10-22 00:07:00'),
(370, 394, 6, 0.5664, 'confirmed', NULL, 6, 'yolov7-nl-v2', '2025-05-11 00:10:00'),
(371, 395, 6, 0.7712, 'confirmed', NULL, 6, 'yolov7-nl-v2', '2025-08-14 00:03:00'),
(372, 396, 6, 0.9715, 'confirmed', NULL, 6, 'yolov7-nl-v1', '2025-08-24 00:10:00'),
(373, 397, 3, 0.727, 'confirmed', NULL, 3, 'yolov7-nl-v2', '2025-10-08 00:09:00'),
(374, 398, 4, 0.5763, 'overridden', 7, 7, 'yolov7-nl-v2', '2026-02-14 00:08:00'),
(375, 399, 3, 0.8145, 'confirmed', NULL, 3, 'yolov7-nl-v2', '2025-07-22 00:04:00'),
(376, 400, 4, 0.8975, 'confirmed', NULL, 4, 'yolov7-nl-v2', '2025-07-09 00:09:00'),
(377, 401, 8, 0.9397, 'confirmed', NULL, 8, 'yolov7-nl-v2', '2025-11-03 00:03:00'),
(378, 402, 8, 0.8773, 'overridden', 5, 5, 'yolov7-nl-v1', '2025-11-16 00:03:00'),
(379, 403, 2, 0.8504, 'confirmed', NULL, 2, 'yolov7-nl-v2', '2026-02-04 00:03:00'),
(380, 404, 6, 0.7193, 'confirmed', NULL, 6, 'yolov7-nl-v2', '2025-08-31 00:02:00'),
(381, 405, 9, 0.6205, 'overridden', 8, 8, 'yolov7-nl-v2', '2025-08-16 00:07:00'),
(382, 406, 8, 0.7048, 'confirmed', NULL, 8, 'yolov7-nl-v2', '2025-09-11 00:08:00'),
(383, 407, 7, 0.8517, 'overridden', 1, 1, 'yolov7-nl-v2', '2025-07-06 00:08:00'),
(384, 408, 8, 0.9391, 'rejected', NULL, 9, 'yolov7-nl-v1', '2025-11-10 00:01:00'),
(385, 409, 6, 0.8142, 'confirmed', NULL, 6, 'yolov7-nl-v1', '2025-11-22 00:02:00'),
(386, 410, 8, 0.7674, 'confirmed', NULL, 8, 'yolov7-nl-v1', '2025-09-14 00:07:00'),
(387, 411, 4, 0.8511, 'confirmed', NULL, 4, 'yolov7-nl-v2', '2025-09-05 00:02:00'),
(388, 412, 7, 0.9597, 'confirmed', NULL, 7, 'yolov7-nl-v2', '2025-05-31 00:06:00'),
(389, 413, 5, 0.6645, 'confirmed', NULL, 5, 'yolov7-nl-v2', '2025-05-22 00:06:00'),
(390, 414, 6, 0.9575, 'overridden', 1, 1, 'yolov7-nl-v2', '2025-09-21 00:10:00'),
(391, 415, 3, 0.6154, 'confirmed', NULL, 3, 'yolov7-nl-v1', '2025-12-12 00:03:00'),
(392, 416, 1, 0.8667, 'confirmed', NULL, 1, 'yolov7-nl-v1', '2026-01-08 00:02:00'),
(393, 417, 8, 0.8011, 'confirmed', NULL, 8, 'yolov7-nl-v2', '2025-05-03 00:02:00'),
(394, 418, 3, 0.7525, 'confirmed', NULL, 3, 'yolov7-nl-v2', '2025-07-18 00:08:00'),
(395, 419, 7, 0.5744, 'confirmed', NULL, 7, 'yolov7-nl-v1', '2025-09-22 00:09:00'),
(396, 420, 2, 0.97, 'confirmed', NULL, 2, 'yolov7-nl-v1', '2025-09-23 00:02:00'),
(397, 421, 1, 0.7362, 'confirmed', NULL, 1, 'yolov7-nl-v2', '2025-09-15 00:06:00'),
(398, 422, 5, 0.756, 'confirmed', NULL, 5, 'yolov7-nl-v1', '2026-01-24 00:08:00'),
(399, 423, 4, 0.7544, 'confirmed', NULL, 4, 'yolov7-nl-v2', '2025-12-04 00:06:00'),
(400, 424, 7, 0.8686, 'confirmed', NULL, 7, 'yolov7-nl-v2', '2025-09-30 00:10:00'),
(401, 425, 1, 0.7599, 'confirmed', NULL, 1, 'yolov7-nl-v2', '2025-05-07 00:10:00'),
(402, 426, 9, 0.6328, 'confirmed', NULL, 9, 'yolov7-nl-v1', '2025-05-09 00:04:00'),
(403, 427, 1, 0.7575, 'rejected', NULL, 9, 'yolov7-nl-v2', '2025-12-14 00:10:00'),
(404, 428, 6, 0.8743, 'overridden', 5, 5, 'yolov7-nl-v1', '2025-11-29 00:08:00'),
(405, 429, 5, 0.824, 'confirmed', NULL, 5, 'yolov7-nl-v2', '2025-12-29 00:08:00'),
(406, 430, 4, 0.6791, 'confirmed', NULL, 4, 'yolov7-nl-v2', '2025-12-26 00:07:00'),
(407, 431, 9, 0.9649, 'overridden', 6, 6, 'yolov7-nl-v2', '2025-06-21 00:04:00'),
(408, 432, 3, 0.6486, 'confirmed', NULL, 3, 'yolov7-nl-v2', '2025-08-25 00:06:00'),
(409, 433, 6, 0.8939, 'rejected', NULL, 9, 'yolov7-nl-v1', '2025-06-26 00:09:00'),
(410, 434, 3, 0.7693, 'overridden', 2, 2, 'yolov7-nl-v1', '2025-12-13 00:06:00'),
(411, 435, 9, 0.7326, 'confirmed', NULL, 9, 'yolov7-nl-v1', '2025-11-07 00:03:00'),
(412, 436, 8, 0.8889, 'confirmed', NULL, 8, 'yolov7-nl-v1', '2025-05-16 00:02:00'),
(413, 437, 4, 0.7345, 'rejected', NULL, 9, 'yolov7-nl-v2', '2026-01-22 00:06:00'),
(414, 438, 8, 0.9406, 'confirmed', NULL, 8, 'yolov7-nl-v2', '2025-12-13 00:04:00'),
(415, 439, 3, 0.8297, 'confirmed', NULL, 3, 'yolov7-nl-v1', '2026-01-22 00:01:00'),
(416, 440, 7, 0.8364, 'confirmed', NULL, 7, 'yolov7-nl-v1', '2025-07-03 00:08:00'),
(417, 441, 9, 0.7787, 'confirmed', NULL, 9, 'yolov7-nl-v1', '2025-07-11 00:02:00'),
(418, 442, 1, 0.7125, 'confirmed', NULL, 1, 'yolov7-nl-v2', '2025-08-18 00:10:00'),
(419, 443, 6, 0.6069, 'confirmed', NULL, 6, 'yolov7-nl-v1', '2026-01-04 00:04:00'),
(420, 444, 6, 0.7148, 'confirmed', NULL, 6, 'yolov7-nl-v2', '2025-11-07 00:08:00'),
(421, 446, 9, 0.7721, 'overridden', 4, 4, 'yolov7-nl-v2', '2025-07-07 00:08:00'),
(422, 448, 8, 0.5875, 'confirmed', NULL, 8, 'yolov7-nl-v1', '2025-07-03 00:10:00'),
(423, 449, 9, 0.905, 'confirmed', NULL, 9, 'yolov7-nl-v2', '2026-02-21 00:07:00'),
(424, 450, 2, 0.6756, 'confirmed', NULL, 2, 'yolov7-nl-v1', '2025-06-20 00:05:00'),
(425, 451, 1, 0.6927, 'confirmed', NULL, 1, 'yolov7-nl-v2', '2025-07-12 00:02:00'),
(426, 452, 9, 0.952, 'confirmed', NULL, 9, 'yolov7-nl-v1', '2025-11-25 00:05:00'),
(427, 453, 3, 0.9835, 'confirmed', NULL, 3, 'yolov7-nl-v1', '2025-07-12 00:09:00'),
(428, 454, 6, 0.7173, 'overridden', 8, 8, 'yolov7-nl-v1', '2025-09-06 00:10:00'),
(429, 455, 7, 0.6428, 'overridden', 5, 5, 'yolov7-nl-v2', '2025-09-21 00:05:00'),
(430, 457, 1, 0.8964, 'confirmed', NULL, 1, 'yolov7-nl-v1', '2025-11-18 00:09:00'),
(431, 458, 9, 0.713, 'confirmed', NULL, 9, 'yolov7-nl-v1', '2025-05-05 00:08:00'),
(432, 459, 9, 0.7673, 'confirmed', NULL, 9, 'yolov7-nl-v2', '2025-08-22 00:01:00'),
(433, 460, 9, 0.8153, 'confirmed', NULL, 9, 'yolov7-nl-v1', '2026-02-14 00:02:00'),
(434, 461, 9, 0.8495, 'confirmed', NULL, 9, 'yolov7-nl-v2', '2026-01-28 00:01:00'),
(435, 462, 5, 0.6488, 'overridden', 8, 8, 'yolov7-nl-v2', '2025-05-23 00:09:00'),
(436, 463, 1, 0.6949, 'confirmed', NULL, 1, 'yolov7-nl-v1', '2025-09-05 00:02:00'),
(437, 464, 9, 0.6542, 'confirmed', NULL, 9, 'yolov7-nl-v1', '2025-10-18 00:10:00'),
(438, 465, 1, 0.9031, 'confirmed', NULL, 1, 'yolov7-nl-v1', '2025-07-05 00:05:00'),
(439, 466, 5, 0.7543, 'confirmed', NULL, 5, 'yolov7-nl-v2', '2025-05-06 00:10:00'),
(440, 467, 6, 0.6054, 'overridden', 3, 3, 'yolov7-nl-v2', '2025-08-08 00:07:00'),
(441, 468, 1, 0.9395, 'confirmed', NULL, 1, 'yolov7-nl-v1', '2025-10-31 00:03:00'),
(442, 469, 9, 0.9797, 'confirmed', NULL, 9, 'yolov7-nl-v1', '2025-12-03 00:02:00'),
(443, 470, 9, 0.9506, 'overridden', 7, 7, 'yolov7-nl-v1', '2025-12-19 00:01:00'),
(444, 471, 2, 0.7075, 'confirmed', NULL, 2, 'yolov7-nl-v1', '2025-11-02 00:03:00'),
(445, 472, 2, 0.6362, 'confirmed', NULL, 2, 'yolov7-nl-v1', '2026-02-08 00:05:00'),
(446, 473, 3, 0.989, 'rejected', NULL, 9, 'yolov7-nl-v2', '2026-01-25 00:02:00'),
(447, 474, 5, 0.8084, 'overridden', 8, 8, 'yolov7-nl-v1', '2025-05-24 00:06:00'),
(448, 475, 9, 0.8806, 'confirmed', NULL, 9, 'yolov7-nl-v2', '2025-07-25 00:08:00'),
(449, 476, 5, 0.6412, 'confirmed', NULL, 5, 'yolov7-nl-v1', '2026-02-23 00:08:00'),
(450, 477, 8, 0.7047, 'confirmed', NULL, 8, 'yolov7-nl-v1', '2025-09-29 00:08:00'),
(451, 478, 4, 0.708, 'confirmed', NULL, 4, 'yolov7-nl-v1', '2025-09-13 00:05:00'),
(452, 479, 1, 0.9088, 'confirmed', NULL, 1, 'yolov7-nl-v2', '2025-09-06 00:04:00'),
(453, 480, 3, 0.7756, 'confirmed', NULL, 3, 'yolov7-nl-v1', '2025-05-07 00:07:00'),
(454, 481, 5, 0.9644, 'confirmed', NULL, 5, 'yolov7-nl-v2', '2025-08-05 00:04:00'),
(455, 482, 6, 0.7373, 'confirmed', NULL, 6, 'yolov7-nl-v2', '2025-10-21 00:09:00'),
(456, 483, 9, 0.6399, 'rejected', NULL, 9, 'yolov7-nl-v2', '2025-11-17 00:02:00'),
(457, 484, 2, 0.8155, 'overridden', 1, 1, 'yolov7-nl-v1', '2025-05-17 00:04:00'),
(458, 485, 3, 0.9854, 'confirmed', NULL, 3, 'yolov7-nl-v1', '2025-11-27 00:09:00'),
(459, 486, 1, 0.8085, 'rejected', NULL, 9, 'yolov7-nl-v2', '2026-02-19 00:05:00'),
(460, 487, 4, 0.5672, 'confirmed', NULL, 4, 'yolov7-nl-v1', '2025-12-22 00:05:00'),
(461, 488, 8, 0.84, 'confirmed', NULL, 8, 'yolov7-nl-v1', '2025-12-21 00:07:00'),
(462, 489, 8, 0.8852, 'confirmed', NULL, 8, 'yolov7-nl-v1', '2026-01-08 00:06:00'),
(463, 490, 2, 0.8782, 'confirmed', NULL, 2, 'yolov7-nl-v1', '2025-12-23 00:07:00'),
(464, 491, 3, 0.911, 'confirmed', NULL, 3, 'yolov7-nl-v1', '2025-12-11 00:03:00'),
(465, 492, 1, 0.6453, 'confirmed', NULL, 1, 'yolov7-nl-v1', '2025-12-12 00:09:00'),
(466, 494, 8, 0.5778, 'confirmed', NULL, 8, 'yolov7-nl-v1', '2025-08-07 00:03:00'),
(467, 495, 8, 0.5966, 'confirmed', NULL, 8, 'yolov7-nl-v2', '2025-07-01 00:03:00'),
(468, 496, 2, 0.8877, 'confirmed', NULL, 2, 'yolov7-nl-v2', '2025-08-20 00:02:00'),
(469, 497, 6, 0.5578, 'confirmed', NULL, 6, 'yolov7-nl-v2', '2026-01-02 00:07:00'),
(470, 498, 1, 0.7694, 'confirmed', NULL, 1, 'yolov7-nl-v1', '2025-05-31 00:03:00'),
(471, 500, 4, 0.8564, 'overridden', 8, 8, 'yolov7-nl-v2', '2025-09-05 00:09:00');

-- CO2 ATTRIBUTIONS
INSERT INTO co2_attributions (id, material_item_id, ai_classification_id, co2_saved_kg, co2_methodology) VALUES
(1, 1, 1, 120.101, 'ICE_DB'),
(2, 2, 2, 8.92, 'EPD'),
(3, 3, 3, 235.115, 'internal_v1'),
(4, 6, 4, 362.096, 'ICE_DB'),
(5, 7, 5, 281.748, 'ICE_DB'),
(6, 8, 6, 631.327, 'EPD'),
(7, 9, 7, 258.507, 'internal_v1'),
(8, 10, 8, 56.3, 'internal_v1'),
(9, 11, 9, 732.657, 'EPD'),
(10, 12, 10, 185.604, 'ICE_DB'),
(11, 13, 11, 639.193, 'ICE_DB'),
(12, 14, 12, 139.537, 'EPD'),
(13, 15, 13, 307.813, 'ICE_DB'),
(14, 16, 14, 39.02, 'internal_v1'),
(15, 17, 15, 368.976, 'ICE_DB'),
(16, 19, 16, 38.969, 'internal_v1'),
(17, 20, 17, 671.638, 'ICE_DB'),
(18, 21, 18, 793.209, 'EPD'),
(19, 22, 19, 598.873, 'EPD'),
(20, 23, 20, 280.663, 'EPD'),
(21, 24, 21, 321.241, 'ICE_DB'),
(22, 25, 22, 28.742, 'EPD'),
(23, 26, 23, 708.889, 'ICE_DB'),
(24, 27, 24, 26.874, 'ICE_DB'),
(25, 29, 26, 374.689, 'EPD'),
(26, 30, 27, 104.375, 'internal_v1'),
(27, 31, 28, 554.635, 'internal_v1'),
(28, 32, 29, 195.489, 'EPD'),
(29, 33, 30, 28.72, 'internal_v1'),
(30, 34, 31, 74.302, 'internal_v1'),
(31, 36, 33, 672.561, 'ICE_DB'),
(32, 37, 34, 94.565, 'ICE_DB'),
(33, 38, 35, 69.731, 'EPD'),
(34, 39, 36, 570.914, 'EPD'),
(35, 41, 38, 51.407, 'internal_v1'),
(36, 42, 39, 410.93, 'EPD'),
(37, 43, 40, 293.736, 'ICE_DB'),
(38, 45, 42, 470.707, 'internal_v1'),
(39, 47, 43, 716.829, 'ICE_DB'),
(40, 48, 44, 402.887, 'EPD'),
(41, 49, 45, 49.637, 'EPD'),
(42, 50, 46, 301.161, 'EPD'),
(43, 51, 47, 124.288, 'internal_v1'),
(44, 52, 48, 758.326, 'internal_v1'),
(45, 53, 49, 344.665, 'ICE_DB'),
(46, 54, 50, 217.371, 'ICE_DB'),
(47, 55, 51, 416.576, 'EPD'),
(48, 56, 52, 219.786, 'internal_v1'),
(49, 58, 53, 342.036, 'ICE_DB'),
(50, 59, 54, 134.135, 'internal_v1'),
(51, 60, 55, 112.584, 'internal_v1'),
(52, 61, 56, 38.073, 'EPD'),
(53, 62, 57, 457.281, 'EPD'),
(54, 63, 58, 190.195, 'internal_v1'),
(55, 64, 59, 487.425, 'EPD'),
(56, 65, 60, 281.341, 'internal_v1'),
(57, 66, 61, 357.155, 'ICE_DB'),
(58, 67, 62, 182.97, 'internal_v1'),
(59, 68, 63, 476.3, 'EPD'),
(60, 69, 64, 63.931, 'ICE_DB'),
(61, 70, 65, 684.183, 'ICE_DB'),
(62, 72, 67, 901.602, 'EPD'),
(63, 73, 68, 359.117, 'ICE_DB'),
(64, 74, 69, 29.706, 'EPD'),
(65, 75, 70, 326.119, 'EPD'),
(66, 76, 71, 21.515, 'internal_v1'),
(67, 77, 72, 87.998, 'EPD'),
(68, 78, 73, 260.056, 'ICE_DB'),
(69, 79, 74, 262.506, 'EPD'),
(70, 80, 75, 323.8, 'ICE_DB'),
(71, 81, 76, 576.174, 'internal_v1'),
(72, 82, 77, 459.593, 'ICE_DB'),
(73, 83, 78, 325.898, 'internal_v1'),
(74, 84, 79, 450.926, 'ICE_DB'),
(75, 85, 80, 131.974, 'internal_v1'),
(76, 86, 81, 434.048, 'EPD'),
(77, 87, 82, 69.722, 'internal_v1'),
(78, 88, 83, 47.502, 'ICE_DB'),
(79, 89, 84, 304.48, 'ICE_DB'),
(80, 90, 85, 182.027, 'EPD'),
(81, 92, 87, 338.002, 'internal_v1'),
(82, 93, 88, 331.495, 'ICE_DB'),
(83, 94, 89, 88.444, 'internal_v1'),
(84, 96, 90, 908.724, 'internal_v1'),
(85, 97, 91, 19.482, 'internal_v1'),
(86, 98, 92, 288.552, 'EPD'),
(87, 99, 93, 505.053, 'EPD'),
(88, 100, 94, 101.243, 'internal_v1'),
(89, 101, 95, 237.699, 'ICE_DB'),
(90, 102, 96, 73.602, 'EPD'),
(91, 103, 97, 271.893, 'ICE_DB'),
(92, 104, 98, 309.883, 'EPD'),
(93, 106, 100, 188.253, 'EPD'),
(94, 107, 101, 529.938, 'EPD'),
(95, 108, 102, 251.722, 'internal_v1'),
(96, 109, 103, 21.558, 'EPD'),
(97, 110, 104, 415.252, 'internal_v1'),
(98, 111, 105, 27.559, 'EPD'),
(99, 113, 106, 64.449, 'EPD'),
(100, 115, 108, 157.897, 'EPD'),
(101, 116, 109, 165.282, 'ICE_DB'),
(102, 117, 110, 129.723, 'ICE_DB'),
(103, 118, 111, 56.132, 'internal_v1'),
(104, 119, 112, 411.964, 'ICE_DB'),
(105, 120, 113, 40.183, 'internal_v1'),
(106, 121, 114, 499.943, 'internal_v1'),
(107, 122, 115, 50.248, 'internal_v1'),
(108, 123, 116, 373.589, 'EPD'),
(109, 124, 117, 479.758, 'internal_v1'),
(110, 125, 118, 459.04, 'ICE_DB'),
(111, 126, 119, 445.628, 'internal_v1'),
(112, 127, 120, 518.936, 'EPD'),
(113, 128, 121, 146.514, 'internal_v1'),
(114, 129, 122, 56.465, 'ICE_DB'),
(115, 130, 123, 215.257, 'EPD'),
(116, 131, 124, 224.013, 'ICE_DB'),
(117, 132, 125, 181.612, 'internal_v1'),
(118, 133, 126, 617.165, 'internal_v1'),
(119, 134, 127, 29.116, 'internal_v1'),
(120, 136, 128, 473.396, 'internal_v1'),
(121, 137, 129, 401.165, 'internal_v1'),
(122, 138, 130, 50.697, 'ICE_DB'),
(123, 139, 131, 544.28, 'ICE_DB'),
(124, 140, 132, 248.656, 'internal_v1'),
(125, 141, 133, 323.212, 'internal_v1'),
(126, 142, 134, 354.38, 'ICE_DB'),
(127, 143, 135, 180.778, 'internal_v1'),
(128, 144, 136, 254.774, 'EPD'),
(129, 145, 137, 273.73, 'internal_v1'),
(130, 146, 138, 321.078, 'ICE_DB'),
(131, 147, 139, 276.144, 'ICE_DB'),
(132, 148, 140, 137.555, 'EPD'),
(133, 149, 141, 62.179, 'ICE_DB'),
(134, 150, 142, 132.805, 'EPD'),
(135, 151, 143, 215.423, 'EPD'),
(136, 152, 144, 282.781, 'ICE_DB'),
(137, 153, 145, 140.774, 'EPD'),
(138, 154, 146, 614.011, 'internal_v1'),
(139, 156, 148, 136.965, 'ICE_DB'),
(140, 157, 149, 180.335, 'EPD'),
(141, 158, 150, 79.253, 'internal_v1'),
(142, 159, 151, 591.406, 'EPD'),
(143, 160, 152, 49.738, 'internal_v1'),
(144, 161, 153, 228.757, 'EPD'),
(145, 162, 154, 443.379, 'EPD'),
(146, 164, 156, 98.604, 'ICE_DB'),
(147, 165, 157, 274.166, 'EPD'),
(148, 166, 158, 299.474, 'ICE_DB'),
(149, 168, 160, 107.898, 'EPD'),
(150, 169, 161, 171.557, 'ICE_DB'),
(151, 170, 162, 563.685, 'ICE_DB'),
(152, 171, 163, 478.958, 'ICE_DB'),
(153, 173, 165, 438.093, 'internal_v1'),
(154, 174, 166, 302.193, 'internal_v1'),
(155, 175, 167, 28.963, 'ICE_DB'),
(156, 176, 168, 118.109, 'internal_v1'),
(157, 177, 169, 496.073, 'EPD'),
(158, 178, 170, 262.453, 'internal_v1'),
(159, 179, 171, 269.559, 'ICE_DB'),
(160, 181, 173, 103.302, 'internal_v1'),
(161, 182, 174, 217.674, 'EPD'),
(162, 183, 175, 347.294, 'ICE_DB'),
(163, 184, 176, 361.142, 'ICE_DB'),
(164, 186, 178, 503.938, 'EPD'),
(165, 187, 179, 74.074, 'ICE_DB'),
(166, 188, 180, 367.682, 'ICE_DB'),
(167, 189, 181, 351.607, 'ICE_DB'),
(168, 190, 182, 121.472, 'ICE_DB'),
(169, 191, 183, 444.078, 'ICE_DB'),
(170, 192, 184, 452.391, 'internal_v1'),
(171, 193, 185, 162.144, 'ICE_DB'),
(172, 194, 186, 48.319, 'ICE_DB'),
(173, 195, 187, 540.447, 'internal_v1'),
(174, 196, 188, 82.807, 'EPD'),
(175, 197, 189, 471.702, 'ICE_DB'),
(176, 198, 190, 44.525, 'ICE_DB'),
(177, 199, 191, 121.887, 'ICE_DB'),
(178, 200, 192, 431.719, 'internal_v1'),
(179, 201, 193, 619.177, 'ICE_DB'),
(180, 202, 194, 104.989, 'internal_v1'),
(181, 203, 195, 271.127, 'ICE_DB'),
(182, 204, 196, 115.491, 'EPD'),
(183, 205, 197, 917.33, 'EPD'),
(184, 206, 198, 336.084, 'ICE_DB'),
(185, 207, 199, 205.344, 'internal_v1'),
(186, 209, 201, 58.43, 'internal_v1'),
(187, 211, 202, 478.606, 'ICE_DB'),
(188, 212, 203, 50.276, 'ICE_DB'),
(189, 214, 204, 325.91, 'EPD'),
(190, 216, 205, 147.502, 'internal_v1'),
(191, 217, 206, 376.957, 'internal_v1'),
(192, 218, 207, 294.849, 'EPD'),
(193, 219, 208, 53.919, 'internal_v1'),
(194, 220, 209, 178.433, 'EPD'),
(195, 221, 210, 542.277, 'internal_v1'),
(196, 222, 211, 330.362, 'EPD'),
(197, 223, 212, 77.533, 'ICE_DB'),
(198, 224, 213, 738.505, 'internal_v1'),
(199, 225, 214, 293.583, 'ICE_DB'),
(200, 226, 215, 102.88, 'internal_v1'),
(201, 227, 216, 162.936, 'internal_v1'),
(202, 228, 217, 51.582, 'internal_v1'),
(203, 230, 218, 73.835, 'internal_v1'),
(204, 232, 219, 81.202, 'internal_v1'),
(205, 233, 220, 464.797, 'EPD'),
(206, 235, 222, 823.31, 'EPD'),
(207, 236, 223, 551.015, 'internal_v1'),
(208, 237, 224, 299.652, 'EPD'),
(209, 238, 225, 149.397, 'EPD'),
(210, 239, 226, 145.903, 'EPD'),
(211, 240, 227, 14.74, 'internal_v1'),
(212, 241, 228, 119.162, 'internal_v1'),
(213, 242, 229, 239.392, 'internal_v1'),
(214, 243, 230, 129.827, 'EPD'),
(215, 244, 231, 306.407, 'EPD'),
(216, 246, 232, 995.249, 'EPD'),
(217, 249, 234, 498.018, 'internal_v1'),
(218, 251, 236, 426.569, 'EPD'),
(219, 252, 237, 77.066, 'internal_v1'),
(220, 253, 238, 60.666, 'EPD'),
(221, 255, 240, 182.983, 'ICE_DB'),
(222, 256, 241, 84.74, 'EPD'),
(223, 257, 242, 826.205, 'ICE_DB'),
(224, 258, 243, 59.53, 'internal_v1'),
(225, 259, 244, 320.536, 'EPD'),
(226, 260, 245, 465.072, 'ICE_DB'),
(227, 261, 246, 297.742, 'EPD'),
(228, 262, 247, 69.459, 'ICE_DB'),
(229, 263, 248, 339.456, 'EPD'),
(230, 264, 249, 218.389, 'EPD'),
(231, 265, 250, 53.088, 'EPD'),
(232, 266, 251, 164.757, 'ICE_DB'),
(233, 267, 252, 142.943, 'EPD'),
(234, 268, 253, 259.332, 'ICE_DB'),
(235, 269, 254, 39.971, 'EPD'),
(236, 270, 255, 471.191, 'ICE_DB'),
(237, 271, 256, 95.783, 'ICE_DB'),
(238, 272, 257, 118.325, 'EPD'),
(239, 273, 258, 37.992, 'internal_v1'),
(240, 275, 260, 17.568, 'internal_v1'),
(241, 276, 261, 84.894, 'EPD'),
(242, 277, 262, 510.277, 'ICE_DB'),
(243, 279, 263, 305.215, 'internal_v1'),
(244, 280, 264, 94.654, 'internal_v1'),
(245, 281, 265, 63.492, 'EPD'),
(246, 282, 266, 184.864, 'ICE_DB'),
(247, 284, 268, 179.108, 'internal_v1'),
(248, 285, 269, 238.164, 'EPD'),
(249, 286, 270, 457.764, 'internal_v1'),
(250, 287, 271, 63.259, 'internal_v1'),
(251, 289, 273, 285.802, 'EPD'),
(252, 290, 274, 412.002, 'ICE_DB'),
(253, 291, 275, 149.843, 'EPD'),
(254, 292, 276, 254.642, 'ICE_DB'),
(255, 293, 277, 524.544, 'EPD'),
(256, 295, 279, 304.143, 'ICE_DB'),
(257, 297, 281, 256.168, 'EPD'),
(258, 298, 282, 735.606, 'ICE_DB'),
(259, 299, 283, 241.864, 'ICE_DB'),
(260, 300, 284, 254.897, 'EPD'),
(261, 301, 285, 478.83, 'internal_v1'),
(262, 303, 286, 443.766, 'internal_v1'),
(263, 304, 287, 276.037, 'internal_v1'),
(264, 305, 288, 548.534, 'EPD'),
(265, 306, 289, 472.061, 'ICE_DB'),
(266, 307, 290, 1037.58, 'ICE_DB'),
(267, 308, 291, 107.774, 'EPD'),
(268, 310, 292, 846.305, 'EPD'),
(269, 311, 293, 668.299, 'internal_v1'),
(270, 312, 294, 76.05, 'internal_v1'),
(271, 313, 295, 225.594, 'ICE_DB'),
(272, 316, 298, 33.153, 'EPD'),
(273, 319, 300, 48.08, 'ICE_DB'),
(274, 320, 301, 145.769, 'internal_v1'),
(275, 321, 302, 220.486, 'ICE_DB'),
(276, 322, 303, 259.044, 'ICE_DB'),
(277, 323, 304, 605.644, 'internal_v1'),
(278, 325, 306, 226.547, 'ICE_DB'),
(279, 326, 307, 194.276, 'ICE_DB'),
(280, 327, 308, 309.25, 'internal_v1'),
(281, 328, 309, 17.323, 'ICE_DB'),
(282, 329, 310, 235.124, 'ICE_DB'),
(283, 330, 311, 314.754, 'internal_v1'),
(284, 332, 312, 545.917, 'internal_v1'),
(285, 333, 313, 508.497, 'internal_v1'),
(286, 334, 314, 135.123, 'internal_v1'),
(287, 335, 315, 382.954, 'EPD'),
(288, 336, 316, 600.85, 'EPD'),
(289, 337, 317, 737.66, 'ICE_DB'),
(290, 338, 318, 535.116, 'ICE_DB'),
(291, 341, 319, 165.209, 'internal_v1'),
(292, 342, 320, 104.037, 'ICE_DB'),
(293, 343, 321, 203.935, 'EPD'),
(294, 345, 322, 729.634, 'internal_v1'),
(295, 346, 323, 469.136, 'ICE_DB'),
(296, 347, 324, 91.233, 'internal_v1'),
(297, 348, 325, 244.015, 'internal_v1'),
(298, 350, 326, 112.178, 'ICE_DB'),
(299, 351, 327, 604.856, 'ICE_DB'),
(300, 352, 328, 152.559, 'EPD'),
(301, 353, 329, 236.664, 'EPD'),
(302, 354, 330, 81.127, 'EPD'),
(303, 355, 331, 334.259, 'ICE_DB'),
(304, 356, 332, 353.57, 'ICE_DB'),
(305, 357, 333, 107.027, 'EPD'),
(306, 358, 334, 320.775, 'EPD'),
(307, 359, 335, 795.488, 'internal_v1'),
(308, 360, 336, 297.353, 'EPD'),
(309, 361, 337, 321.187, 'ICE_DB'),
(310, 362, 338, 50.703, 'internal_v1'),
(311, 363, 339, 341.055, 'EPD'),
(312, 364, 340, 358.017, 'internal_v1'),
(313, 365, 341, 95.59, 'internal_v1'),
(314, 366, 342, 394.031, 'EPD'),
(315, 367, 343, 503.742, 'EPD'),
(316, 368, 344, 466.831, 'EPD'),
(317, 369, 345, 99.427, 'EPD'),
(318, 370, 346, 8.731, 'ICE_DB'),
(319, 371, 347, 855.785, 'internal_v1'),
(320, 373, 349, 241.68, 'internal_v1'),
(321, 374, 350, 180.596, 'internal_v1'),
(322, 375, 351, 144.697, 'EPD'),
(323, 376, 352, 107.157, 'ICE_DB'),
(324, 377, 353, 117.684, 'ICE_DB'),
(325, 378, 354, 74.323, 'ICE_DB'),
(326, 379, 355, 79.844, 'internal_v1'),
(327, 380, 356, 189.693, 'EPD'),
(328, 381, 357, 395.343, 'EPD'),
(329, 382, 358, 376.34, 'internal_v1'),
(330, 383, 359, 510.692, 'internal_v1'),
(331, 385, 361, 550.356, 'internal_v1'),
(332, 387, 363, 99.646, 'ICE_DB'),
(333, 388, 364, 534.429, 'EPD'),
(334, 389, 365, 133.96, 'EPD'),
(335, 390, 366, 322.997, 'EPD'),
(336, 391, 367, 97.766, 'ICE_DB'),
(337, 392, 368, 479.627, 'ICE_DB'),
(338, 393, 369, 255.348, 'internal_v1'),
(339, 394, 370, 688.038, 'ICE_DB'),
(340, 395, 371, 453.411, 'ICE_DB'),
(341, 396, 372, 161.242, 'EPD'),
(342, 397, 373, 191.893, 'EPD'),
(343, 398, 374, 432.985, 'EPD'),
(344, 399, 375, 130.195, 'EPD'),
(345, 400, 376, 426.493, 'EPD'),
(346, 401, 377, 804.975, 'internal_v1'),
(347, 402, 378, 307.426, 'EPD'),
(348, 403, 379, 378.08, 'internal_v1'),
(349, 404, 380, 641.839, 'EPD'),
(350, 405, 381, 502.077, 'ICE_DB'),
(351, 406, 382, 679.193, 'EPD'),
(352, 407, 383, 227.582, 'EPD'),
(353, 409, 385, 864.337, 'EPD'),
(354, 410, 386, 205.656, 'internal_v1'),
(355, 411, 387, 28.144, 'EPD'),
(356, 412, 388, 469.889, 'internal_v1'),
(357, 413, 389, 675.5, 'EPD'),
(358, 414, 390, 40.746, 'ICE_DB'),
(359, 415, 391, 89.578, 'ICE_DB'),
(360, 416, 392, 253.757, 'EPD'),
(361, 417, 393, 768.186, 'ICE_DB'),
(362, 418, 394, 277.554, 'ICE_DB'),
(363, 419, 395, 628.164, 'ICE_DB'),
(364, 420, 396, 22.985, 'ICE_DB'),
(365, 421, 397, 319.937, 'ICE_DB'),
(366, 422, 398, 132.503, 'EPD'),
(367, 423, 399, 568.225, 'EPD'),
(368, 424, 400, 188.686, 'ICE_DB'),
(369, 425, 401, 78.506, 'ICE_DB'),
(370, 426, 402, 23.819, 'EPD'),
(371, 428, 404, 200.421, 'internal_v1'),
(372, 429, 405, 213.643, 'EPD'),
(373, 430, 406, 674.273, 'internal_v1'),
(374, 431, 407, 446.747, 'EPD'),
(375, 432, 408, 416.619, 'EPD'),
(376, 434, 410, 163.423, 'EPD'),
(377, 435, 411, 140.964, 'internal_v1'),
(378, 436, 412, 631.342, 'ICE_DB'),
(379, 438, 414, 674.148, 'EPD'),
(380, 439, 415, 457.827, 'internal_v1'),
(381, 440, 416, 51.474, 'internal_v1'),
(382, 441, 417, 74.491, 'internal_v1'),
(383, 442, 418, 55.274, 'ICE_DB'),
(384, 443, 419, 543.633, 'EPD'),
(385, 444, 420, 83.958, 'EPD'),
(386, 446, 421, 571.629, 'internal_v1'),
(387, 448, 422, 862.44, 'ICE_DB'),
(388, 449, 423, 74.56, 'ICE_DB'),
(389, 450, 424, 470.612, 'EPD'),
(390, 451, 425, 14.774, 'EPD'),
(391, 452, 426, 89.903, 'internal_v1'),
(392, 453, 427, 77.949, 'internal_v1'),
(393, 454, 428, 306.794, 'ICE_DB'),
(394, 455, 429, 77.232, 'internal_v1'),
(395, 457, 430, 204.72, 'internal_v1'),
(396, 458, 431, 77.16, 'internal_v1'),
(397, 459, 432, 21.895, 'internal_v1'),
(398, 460, 433, 74.539, 'internal_v1'),
(399, 461, 434, 84.611, 'internal_v1'),
(400, 462, 435, 176.318, 'EPD'),
(401, 463, 436, 116.805, 'ICE_DB'),
(402, 464, 437, 33.53, 'EPD'),
(403, 465, 438, 244.365, 'ICE_DB'),
(404, 466, 439, 260.247, 'ICE_DB'),
(405, 467, 440, 87.345, 'internal_v1'),
(406, 468, 441, 88.903, 'internal_v1'),
(407, 469, 442, 59.944, 'internal_v1'),
(408, 470, 443, 325.096, 'internal_v1'),
(409, 471, 444, 297.775, 'EPD'),
(410, 472, 445, 232.852, 'EPD'),
(411, 474, 447, 485.389, 'internal_v1'),
(412, 475, 448, 24.181, 'EPD'),
(413, 476, 449, 656.925, 'ICE_DB'),
(414, 477, 450, 542.649, 'ICE_DB'),
(415, 478, 451, 437.761, 'internal_v1'),
(416, 479, 452, 38.961, 'EPD'),
(417, 480, 453, 254.835, 'internal_v1'),
(418, 481, 454, 426.086, 'internal_v1'),
(419, 482, 455, 651.257, 'internal_v1'),
(420, 484, 457, 149.003, 'ICE_DB'),
(421, 485, 458, 319.231, 'internal_v1'),
(422, 487, 460, 296.386, 'ICE_DB'),
(423, 488, 461, 680.058, 'EPD'),
(424, 489, 462, 112.133, 'EPD'),
(425, 490, 463, 40.755, 'ICE_DB'),
(426, 491, 464, 374.681, 'internal_v1'),
(427, 492, 465, 47.869, 'internal_v1'),
(428, 494, 466, 49.032, 'EPD'),
(429, 495, 467, 725.398, 'internal_v1'),
(430, 496, 468, 244.128, 'internal_v1'),
(431, 497, 469, 260.645, 'internal_v1'),
(432, 498, 470, 136.843, 'internal_v1'),
(433, 500, 471, 334.316, 'ICE_DB');

-- INTERNAL MATCHES
INSERT INTO internal_matches (id, org_id, material_item_id, source_project_id, destination_project_id, requested_by, approved_by, status, co2_saved_kg, proposed_at, completed_at) VALUES
(1, 5, 9, 20, 18, 19, 19, 'completed', 18.647, '2025-07-20 00:00:00', '2025-07-24 00:00:00'),
(2, 7, 11, 25, 28, 31, 30, 'proposed', 120.563, '2025-12-30 00:00:00', NULL),
(3, 4, 16, 15, 14, 15, 15, 'completed', 96.079, '2025-07-13 00:00:00', '2025-08-08 00:00:00'),
(4, 5, 20, 18, 20, 22, 19, 'accepted', 53.549, '2025-08-13 00:00:00', NULL),
(5, 5, 24, 20, 19, 20, 19, 'accepted', 157.351, '2025-06-21 00:00:00', NULL),
(6, 3, 25, 12, 11, 14, 11, 'accepted', 91.068, '2025-10-08 00:00:00', NULL),
(7, 7, 26, 28, 27, 31, 30, 'completed', 159.744, '2025-06-06 00:00:00', '2025-07-03 00:00:00'),
(8, 2, 27, 8, 9, 7, 7, 'completed', 184.699, '2025-10-31 00:00:00', '2025-11-20 00:00:00'),
(9, 7, 29, 25, 28, 32, 30, 'completed', 64.64, '2025-08-12 00:00:00', '2025-08-27 00:00:00'),
(10, 1, 38, 5, 6, 4, 1, 'proposed', 31.648, '2025-09-29 00:00:00', NULL),
(11, 4, 40, 15, 14, 16, 15, 'proposed', 173.023, '2025-12-04 00:00:00', NULL),
(12, 1, 42, 6, 3, 4, 1, 'completed', 86.085, '2025-09-10 00:00:00', '2025-10-06 00:00:00'),
(13, 6, 43, 22, 23, 27, 24, 'completed', 197.567, '2025-06-19 00:00:00', '2025-07-05 00:00:00'),
(14, 5, 51, 18, 20, 22, 19, 'completed', 36.661, '2025-12-13 00:00:00', '2025-12-29 00:00:00'),
(15, 4, 58, 16, 17, 17, 15, 'completed', 100.281, '2025-11-24 00:00:00', '2025-12-08 00:00:00'),
(16, 6, 62, 23, 21, 29, 24, 'completed', 87.688, '2025-08-03 00:00:00', '2025-08-13 00:00:00'),
(17, 8, 64, 32, 29, 37, 35, 'completed', 136.903, '2025-11-26 00:00:00', '2025-12-20 00:00:00'),
(18, 4, 69, 15, 17, 18, 15, 'completed', 33.737, '2025-08-03 00:00:00', '2025-08-25 00:00:00'),
(19, 8, 71, 33, 30, 35, 35, 'accepted', 23.0, '2025-11-30 00:00:00', NULL),
(20, 8, 74, 32, 33, 39, 35, 'completed', 20.668, '2026-01-19 00:00:00', '2026-01-28 00:00:00'),
(21, 1, 82, 4, 2, 4, 1, 'accepted', 63.933, '2025-10-15 00:00:00', NULL),
(22, 3, 87, 13, 12, 13, 11, 'completed', 151.73, '2026-01-23 00:00:00', '2026-02-18 00:00:00'),
(23, 6, 91, 21, 23, 29, 24, 'completed', 160.519, '2025-12-26 00:00:00', '2026-01-02 00:00:00'),
(24, 3, 94, 12, 13, 12, 11, 'completed', 82.604, '2025-08-18 00:00:00', '2025-08-21 00:00:00'),
(25, 5, 103, 18, 19, 19, 19, 'proposed', 155.88, '2025-09-15 00:00:00', NULL),
(26, 7, 105, 28, 27, 32, 30, 'completed', 38.274, '2025-09-04 00:00:00', '2025-09-12 00:00:00'),
(27, 8, 110, 30, 33, 38, 35, 'accepted', 189.954, '2025-09-24 00:00:00', NULL),
(28, 7, 111, 28, 25, 31, 30, 'accepted', 151.234, '2025-12-25 00:00:00', NULL),
(29, 4, 114, 15, 17, 18, 15, 'completed', 183.029, '2025-06-28 00:00:00', '2025-07-28 00:00:00'),
(30, 2, 128, 9, 7, 7, 7, 'accepted', 78.657, '2025-08-10 00:00:00', NULL),
(31, 8, 149, 29, 31, 35, 35, 'completed', 98.19, '2025-11-20 00:00:00', '2025-12-17 00:00:00'),
(32, 7, 154, 24, 28, 30, 30, 'accepted', 191.267, '2025-11-18 00:00:00', NULL),
(33, 2, 157, 9, 7, 7, 7, 'accepted', 159.398, '2025-09-05 00:00:00', NULL),
(34, 6, 162, 23, 22, 27, 24, 'completed', 70.721, '2025-09-18 00:00:00', '2025-10-01 00:00:00'),
(35, 5, 164, 19, 20, 21, 19, 'completed', 188.493, '2025-11-18 00:00:00', '2025-12-03 00:00:00'),
(36, 3, 170, 13, 12, 11, 11, 'completed', 175.25, '2025-12-24 00:00:00', '2025-12-30 00:00:00'),
(37, 5, 172, 18, 19, 22, 19, 'completed', 178.154, '2025-07-06 00:00:00', '2025-07-09 00:00:00'),
(38, 8, 182, 33, 29, 39, 35, 'accepted', 141.357, '2025-12-26 00:00:00', NULL),
(39, 5, 189, 18, 19, 22, 19, 'completed', 133.481, '2025-09-30 00:00:00', '2025-10-19 00:00:00'),
(40, 3, 203, 13, 12, 12, 11, 'proposed', 129.424, '2026-01-28 00:00:00', NULL),
(41, 2, 205, 8, 7, 9, 7, 'completed', 194.072, '2025-12-06 00:00:00', '2025-12-19 00:00:00'),
(42, 2, 217, 9, 8, 8, 7, 'completed', 83.032, '2025-11-04 00:00:00', '2025-12-02 00:00:00'),
(43, 6, 222, 21, 22, 27, 24, 'completed', 188.588, '2025-09-30 00:00:00', '2025-10-24 00:00:00'),
(44, 1, 233, 6, 1, 6, 1, 'completed', 123.399, '2025-11-30 00:00:00', '2025-12-07 00:00:00'),
(45, 4, 234, 14, 17, 18, 15, 'completed', 63.763, '2025-11-20 00:00:00', '2025-12-10 00:00:00'),
(46, 4, 236, 17, 14, 18, 15, 'completed', 99.023, '2025-10-17 00:00:00', '2025-10-27 00:00:00'),
(47, 4, 251, 15, 14, 16, 15, 'completed', 133.65, '2025-06-23 00:00:00', '2025-06-29 00:00:00'),
(48, 5, 253, 19, 18, 20, 19, 'completed', 68.668, '2025-09-07 00:00:00', '2025-10-04 00:00:00'),
(49, 4, 257, 16, 14, 17, 15, 'completed', 190.543, '2025-11-19 00:00:00', '2025-11-25 00:00:00'),
(50, 4, 261, 15, 16, 18, 15, 'proposed', 139.898, '2026-01-10 00:00:00', NULL),
(51, 2, 266, 7, 9, 9, 7, 'completed', 144.901, '2025-12-06 00:00:00', '2026-01-01 00:00:00'),
(52, 8, 267, 32, 33, 36, 35, 'accepted', 27.56, '2025-06-23 00:00:00', NULL),
(53, 1, 275, 1, 6, 3, 1, 'completed', 187.756, '2025-12-08 00:00:00', '2025-12-14 00:00:00'),
(54, 6, 276, 23, 22, 25, 24, 'completed', 191.043, '2025-10-26 00:00:00', '2025-11-21 00:00:00'),
(55, 2, 280, 7, 8, 7, 7, 'completed', 42.022, '2025-09-08 00:00:00', '2025-09-24 00:00:00'),
(56, 4, 282, 16, 15, 16, 15, 'completed', 122.315, '2025-07-27 00:00:00', '2025-08-02 00:00:00'),
(57, 2, 294, 8, 7, 10, 7, 'completed', 164.149, '2025-08-15 00:00:00', '2025-09-13 00:00:00'),
(58, 3, 298, 11, 13, 14, 11, 'accepted', 60.262, '2025-12-09 00:00:00', NULL),
(59, 2, 300, 9, 7, 9, 7, 'completed', 198.115, '2025-07-02 00:00:00', '2025-07-13 00:00:00'),
(60, 4, 301, 17, 16, 16, 15, 'completed', 142.307, '2025-09-05 00:00:00', '2025-09-09 00:00:00'),
(61, 3, 306, 12, 10, 12, 11, 'completed', 187.214, '2025-07-28 00:00:00', '2025-08-22 00:00:00'),
(62, 1, 307, 6, 1, 2, 1, 'completed', 146.842, '2025-08-16 00:00:00', '2025-09-14 00:00:00'),
(63, 4, 312, 15, 14, 18, 15, 'completed', 137.19, '2025-08-29 00:00:00', '2025-09-25 00:00:00'),
(64, 7, 330, 27, 28, 30, 30, 'completed', 60.193, '2025-11-26 00:00:00', '2025-12-05 00:00:00'),
(65, 2, 333, 9, 8, 7, 7, 'accepted', 151.692, '2025-10-27 00:00:00', NULL),
(66, 7, 338, 24, 26, 33, 30, 'completed', 117.546, '2025-09-22 00:00:00', '2025-10-17 00:00:00'),
(67, 3, 343, 13, 11, 12, 11, 'accepted', 161.85, '2025-07-21 00:00:00', NULL),
(68, 5, 345, 20, 18, 21, 19, 'completed', 117.258, '2025-11-21 00:00:00', '2025-12-19 00:00:00'),
(69, 4, 348, 15, 17, 18, 15, 'completed', 37.803, '2025-06-15 00:00:00', '2025-06-21 00:00:00'),
(70, 4, 350, 16, 15, 16, 15, 'completed', 27.883, '2025-10-10 00:00:00', '2025-11-02 00:00:00'),
(71, 3, 352, 12, 13, 14, 11, 'completed', 127.26, '2025-09-12 00:00:00', '2025-09-22 00:00:00'),
(72, 4, 354, 14, 17, 16, 15, 'completed', 64.024, '2025-10-31 00:00:00', '2025-11-08 00:00:00'),
(73, 2, 364, 9, 8, 7, 7, 'completed', 173.655, '2025-11-14 00:00:00', '2025-11-29 00:00:00'),
(74, 4, 367, 16, 17, 18, 15, 'completed', 28.4, '2025-06-22 00:00:00', '2025-06-28 00:00:00'),
(75, 8, 368, 32, 30, 35, 35, 'completed', 197.533, '2025-10-01 00:00:00', '2025-10-12 00:00:00'),
(76, 7, 370, 24, 25, 33, 30, 'completed', 130.696, '2025-09-20 00:00:00', '2025-10-02 00:00:00'),
(77, 6, 371, 23, 21, 24, 24, 'completed', 144.185, '2026-01-07 00:00:00', '2026-02-04 00:00:00'),
(78, 4, 372, 15, 17, 15, 15, 'completed', 164.405, '2025-12-18 00:00:00', '2026-01-15 00:00:00'),
(79, 5, 375, 20, 19, 19, 19, 'completed', 119.021, '2025-11-30 00:00:00', '2025-12-29 00:00:00'),
(80, 2, 385, 9, 7, 8, 7, 'completed', 180.032, '2025-07-17 00:00:00', '2025-08-16 00:00:00'),
(81, 5, 390, 20, 18, 19, 19, 'completed', 161.1, '2025-07-02 00:00:00', '2025-07-06 00:00:00'),
(82, 2, 392, 7, 9, 8, 7, 'proposed', 55.068, '2025-12-10 00:00:00', NULL),
(83, 5, 395, 18, 20, 19, 19, 'completed', 75.894, '2025-10-18 00:00:00', '2025-10-26 00:00:00'),
(84, 7, 396, 27, 24, 31, 30, 'completed', 189.512, '2025-10-11 00:00:00', '2025-11-08 00:00:00'),
(85, 4, 411, 16, 17, 18, 15, 'accepted', 100.636, '2025-08-20 00:00:00', NULL),
(86, 6, 415, 23, 22, 28, 24, 'completed', 45.919, '2025-06-26 00:00:00', '2025-07-20 00:00:00'),
(87, 3, 416, 10, 13, 11, 11, 'accepted', 63.443, '2025-12-31 00:00:00', NULL),
(88, 5, 417, 18, 20, 23, 19, 'completed', 120.398, '2025-08-11 00:00:00', '2025-08-18 00:00:00'),
(89, 7, 422, 28, 27, 30, 30, 'completed', 55.832, '2025-11-14 00:00:00', '2025-11-22 00:00:00'),
(90, 4, 428, 17, 15, 15, 15, 'completed', 136.923, '2026-01-27 00:00:00', '2026-02-21 00:00:00'),
(91, 6, 431, 21, 23, 24, 24, 'completed', 57.533, '2025-11-10 00:00:00', '2025-12-05 00:00:00'),
(92, 1, 432, 6, 2, 6, 1, 'completed', 133.177, '2025-12-28 00:00:00', '2026-01-16 00:00:00'),
(93, 3, 437, 11, 13, 12, 11, 'completed', 158.618, '2025-09-06 00:00:00', '2025-09-09 00:00:00'),
(94, 6, 438, 23, 21, 24, 24, 'accepted', 108.637, '2025-11-23 00:00:00', NULL),
(95, 1, 439, 5, 4, 1, 1, 'completed', 22.35, '2026-01-19 00:00:00', '2026-02-01 00:00:00'),
(96, 5, 440, 19, 18, 20, 19, 'accepted', 24.1, '2025-07-27 00:00:00', NULL),
(97, 5, 443, 19, 18, 19, 19, 'accepted', 147.024, '2025-08-18 00:00:00', NULL),
(98, 4, 452, 17, 14, 17, 15, 'completed', 173.753, '2025-10-20 00:00:00', '2025-10-31 00:00:00'),
(99, 8, 454, 33, 29, 35, 35, 'accepted', 189.57, '2025-09-08 00:00:00', NULL),
(100, 1, 457, 2, 3, 6, 1, 'completed', 158.806, '2025-10-20 00:00:00', '2025-11-11 00:00:00'),
(101, 4, 460, 17, 15, 16, 15, 'accepted', 138.898, '2025-11-30 00:00:00', NULL),
(102, 1, 467, 2, 6, 2, 1, 'completed', 148.407, '2025-06-14 00:00:00', '2025-07-10 00:00:00'),
(103, 2, 474, 9, 8, 8, 7, 'completed', 86.558, '2025-09-26 00:00:00', '2025-10-04 00:00:00'),
(104, 5, 475, 19, 20, 22, 19, 'completed', 58.785, '2025-09-18 00:00:00', '2025-10-07 00:00:00'),
(105, 6, 476, 23, 21, 26, 24, 'completed', 21.954, '2025-08-18 00:00:00', '2025-09-03 00:00:00'),
(106, 7, 478, 26, 24, 30, 30, 'proposed', 51.807, '2025-06-24 00:00:00', NULL),
(107, 1, 483, 2, 5, 1, 1, 'proposed', 60.741, '2026-01-24 00:00:00', NULL),
(108, 7, 484, 27, 24, 33, 30, 'completed', 186.826, '2025-07-05 00:00:00', '2025-07-23 00:00:00'),
(109, 4, 498, 17, 16, 15, 15, 'completed', 125.176, '2026-01-20 00:00:00', '2026-02-18 00:00:00');

-- EXTERNAL LISTINGS
INSERT INTO external_listings (id, material_item_id, org_id, asking_price_sek, status, listed_by, listed_at, sold_at) VALUES
(1, 1, 3, 15045.39, 'active', 14, '2025-11-27 00:00:00', NULL),
(2, 2, 3, 10919.33, 'active', 13, '2025-08-02 00:00:00', NULL),
(3, 7, 6, 19887.33, 'active', 29, '2026-01-30 00:00:00', NULL),
(4, 8, 6, 18448.95, 'active', 28, '2025-11-23 00:00:00', NULL),
(5, 12, 5, 12379.28, 'active', 23, '2025-09-23 00:00:00', NULL),
(6, 13, 7, 19310.62, 'active', 34, '2026-01-18 00:00:00', NULL),
(7, 23, 4, 4888.84, 'active', 15, '2025-09-02 00:00:00', NULL),
(8, 36, 7, 16868.47, 'active', 34, '2025-08-30 00:00:00', NULL),
(9, 44, 5, 19073.43, 'active', 22, '2025-10-05 00:00:00', NULL),
(10, 47, 2, 7892.35, 'active', 9, '2025-06-29 00:00:00', NULL),
(11, 50, 6, 7090.19, 'active', 29, '2025-08-03 00:00:00', NULL),
(12, 59, 8, 16718.66, 'active', 35, '2025-08-14 00:00:00', NULL),
(13, 65, 1, 6333.97, 'active', 3, '2025-08-07 00:00:00', NULL),
(14, 66, 3, 4654.79, 'active', 14, '2025-07-26 00:00:00', NULL),
(15, 70, 3, 18499.6, 'active', 11, '2026-01-26 00:00:00', NULL),
(16, 72, 1, 9529.61, 'active', 5, '2026-01-04 00:00:00', NULL),
(17, 80, 5, 10021.2, 'active', 21, '2025-06-02 00:00:00', NULL),
(18, 83, 7, 12502.84, 'active', 32, '2025-08-16 00:00:00', NULL),
(19, 88, 3, 7400.91, 'active', 11, '2025-08-29 00:00:00', NULL),
(20, 93, 4, 17858.83, 'active', 16, '2025-09-11 00:00:00', NULL),
(21, 96, 2, 7413.38, 'active', 7, '2025-09-19 00:00:00', NULL),
(22, 98, 4, 10094.9, 'active', 15, '2025-10-14 00:00:00', NULL),
(23, 99, 5, 10529.21, 'active', 20, '2025-09-14 00:00:00', NULL),
(24, 101, 4, 2914.93, 'active', 18, '2025-06-02 00:00:00', NULL),
(25, 102, 8, 3534.79, 'active', 37, '2025-07-28 00:00:00', NULL),
(26, 104, 3, 9678.62, 'active', 13, '2025-08-16 00:00:00', NULL),
(27, 107, 3, 7607.67, 'active', 12, '2025-10-16 00:00:00', NULL),
(28, 109, 7, 16325.11, 'active', 30, '2025-09-21 00:00:00', NULL),
(29, 115, 7, 13297.45, 'active', 33, '2025-07-12 00:00:00', NULL),
(30, 117, 5, 3227.55, 'active', 22, '2025-06-02 00:00:00', NULL),
(31, 119, 7, 7505.12, 'active', 31, '2025-06-29 00:00:00', NULL),
(32, 131, 7, 4196.56, 'active', 30, '2025-07-05 00:00:00', NULL),
(33, 132, 6, 8193.65, 'active', 29, '2025-08-24 00:00:00', NULL),
(34, 137, 3, 18069.46, 'active', 12, '2025-11-18 00:00:00', NULL),
(35, 144, 2, 4380.34, 'active', 10, '2026-02-01 00:00:00', NULL),
(36, 150, 2, 13472.24, 'active', 9, '2025-07-01 00:00:00', NULL),
(37, 153, 6, 8711.36, 'active', 28, '2025-10-05 00:00:00', NULL),
(38, 159, 2, 16096.49, 'active', 8, '2025-08-23 00:00:00', NULL),
(39, 160, 4, 15146.25, 'active', 18, '2025-10-07 00:00:00', NULL),
(40, 168, 8, 14656.89, 'active', 38, '2025-07-04 00:00:00', NULL),
(41, 184, 1, 2639.79, 'active', 1, '2025-12-20 00:00:00', NULL),
(42, 193, 1, 912.47, 'active', 2, '2025-08-28 00:00:00', NULL),
(43, 197, 3, 10250.02, 'active', 12, '2025-06-14 00:00:00', NULL),
(44, 221, 6, 13727.05, 'active', 26, '2025-09-18 00:00:00', NULL),
(45, 224, 1, 19540.55, 'active', 6, '2025-06-03 00:00:00', NULL),
(46, 227, 4, 8969.41, 'active', 17, '2025-08-12 00:00:00', NULL),
(47, 254, 5, 9975.62, 'active', 22, '2025-08-03 00:00:00', NULL),
(48, 268, 2, 12543.46, 'active', 8, '2025-08-03 00:00:00', NULL),
(49, 279, 4, 5982.21, 'active', 15, '2026-01-08 00:00:00', NULL),
(50, 285, 3, 5638.85, 'active', 12, '2025-11-18 00:00:00', NULL),
(51, 290, 8, 16501.88, 'active', 36, '2025-09-30 00:00:00', NULL),
(52, 322, 4, 14275.99, 'active', 15, '2025-11-27 00:00:00', NULL),
(53, 327, 7, 14743.91, 'active', 34, '2025-07-17 00:00:00', NULL),
(54, 332, 8, 4179.05, 'active', 39, '2025-11-09 00:00:00', NULL),
(55, 336, 6, 12872.31, 'active', 25, '2025-07-01 00:00:00', NULL),
(56, 359, 2, 3079.77, 'active', 7, '2025-08-10 00:00:00', NULL),
(57, 360, 1, 19812.78, 'active', 2, '2025-09-18 00:00:00', NULL),
(58, 362, 8, 844.4, 'active', 36, '2025-06-24 00:00:00', NULL),
(59, 369, 1, 17354.83, 'active', 4, '2025-09-13 00:00:00', NULL),
(60, 382, 1, 10736.94, 'active', 6, '2025-11-10 00:00:00', NULL),
(61, 397, 8, 19612.42, 'active', 36, '2025-08-26 00:00:00', NULL),
(62, 404, 6, 8808.48, 'active', 24, '2025-10-09 00:00:00', NULL),
(63, 420, 2, 8827.92, 'active', 7, '2025-08-17 00:00:00', NULL),
(64, 436, 7, 2646.07, 'active', 32, '2025-08-11 00:00:00', NULL),
(65, 441, 1, 18888.48, 'active', 6, '2025-09-16 00:00:00', NULL),
(66, 449, 1, 5315.89, 'active', 1, '2025-07-17 00:00:00', NULL),
(67, 453, 2, 1297.34, 'active', 7, '2025-11-17 00:00:00', NULL),
(68, 455, 1, 15022.72, 'active', 2, '2025-08-13 00:00:00', NULL),
(69, 473, 3, 9705.13, 'active', 11, '2025-09-19 00:00:00', NULL),
(70, 477, 4, 4104.38, 'active', 18, '2025-09-02 00:00:00', NULL),
(71, 479, 2, 7018.5, 'active', 7, '2025-06-25 00:00:00', NULL),
(72, 480, 5, 13544.48, 'active', 23, '2025-12-15 00:00:00', NULL),
(73, 488, 6, 17308.5, 'active', 26, '2025-09-01 00:00:00', NULL),
(74, 490, 6, 14955.2, 'active', 26, '2025-12-08 00:00:00', NULL),
(75, 32, 6, 15686.76, 'sold', 28, '2025-11-02 00:00:00', '2025-11-30 00:00:00'),
(76, 45, 7, 5145.92, 'sold', 32, '2025-07-24 00:00:00', '2025-09-04 00:00:00'),
(77, 52, 1, 7988.96, 'sold', 1, '2025-07-04 00:00:00', '2025-08-18 00:00:00'),
(78, 53, 6, 14980.46, 'sold', 24, '2025-06-11 00:00:00', '2025-07-23 00:00:00'),
(79, 56, 2, 19382.44, 'sold', 8, '2025-07-20 00:00:00', '2025-09-08 00:00:00'),
(80, 68, 7, 9192.51, 'sold', 30, '2025-06-20 00:00:00', '2025-07-29 00:00:00'),
(81, 118, 5, 12570.7, 'sold', 21, '2025-12-03 00:00:00', '2026-01-07 00:00:00'),
(82, 125, 3, 19798.07, 'sold', 12, '2025-10-15 00:00:00', '2025-12-05 00:00:00'),
(83, 134, 8, 3496.61, 'sold', 36, '2025-07-20 00:00:00', '2025-08-20 00:00:00'),
(84, 147, 4, 11234.67, 'sold', 17, '2026-01-15 00:00:00', '2026-03-09 00:00:00'),
(85, 179, 7, 17142.05, 'sold', 34, '2025-08-28 00:00:00', '2025-09-25 00:00:00'),
(86, 192, 6, 9245.4, 'sold', 29, '2025-07-01 00:00:00', '2025-08-02 00:00:00'),
(87, 194, 5, 1820.32, 'sold', 22, '2025-10-13 00:00:00', '2025-11-19 00:00:00'),
(88, 196, 8, 15922.26, 'sold', 36, '2025-11-01 00:00:00', '2025-11-23 00:00:00'),
(89, 209, 7, 14085.77, 'sold', 31, '2025-08-14 00:00:00', '2025-08-21 00:00:00'),
(90, 214, 5, 19138.16, 'sold', 19, '2025-12-21 00:00:00', '2026-02-08 00:00:00'),
(91, 232, 7, 4208.72, 'sold', 33, '2025-10-05 00:00:00', '2025-11-22 00:00:00'),
(92, 246, 7, 10883.16, 'sold', 34, '2025-06-20 00:00:00', '2025-07-05 00:00:00'),
(93, 250, 7, 9036.03, 'sold', 34, '2025-09-07 00:00:00', '2025-10-17 00:00:00'),
(94, 259, 8, 15697.76, 'sold', 38, '2025-11-03 00:00:00', '2025-11-25 00:00:00'),
(95, 269, 5, 4535.03, 'sold', 19, '2025-07-11 00:00:00', '2025-08-21 00:00:00'),
(96, 274, 1, 4747.25, 'sold', 6, '2025-06-03 00:00:00', '2025-07-28 00:00:00'),
(97, 281, 2, 10499.52, 'sold', 9, '2025-08-17 00:00:00', '2025-10-15 00:00:00'),
(98, 291, 4, 4796.56, 'sold', 17, '2025-10-20 00:00:00', '2025-11-01 00:00:00'),
(99, 296, 6, 3836.63, 'sold', 24, '2025-10-15 00:00:00', '2025-11-04 00:00:00'),
(100, 308, 4, 6190.94, 'sold', 16, '2026-01-28 00:00:00', '2026-02-19 00:00:00'),
(101, 315, 6, 18581.34, 'sold', 26, '2026-01-10 00:00:00', '2026-03-06 00:00:00'),
(102, 316, 7, 1504.64, 'sold', 31, '2025-12-28 00:00:00', '2026-01-15 00:00:00'),
(103, 319, 2, 10924.6, 'sold', 7, '2025-11-14 00:00:00', '2025-12-11 00:00:00'),
(104, 356, 2, 12837.32, 'sold', 9, '2025-08-23 00:00:00', '2025-09-02 00:00:00'),
(105, 361, 6, 18955.34, 'sold', 28, '2025-08-07 00:00:00', '2025-09-27 00:00:00'),
(106, 373, 3, 3105.43, 'sold', 13, '2025-08-23 00:00:00', '2025-08-31 00:00:00'),
(107, 374, 7, 12706.13, 'sold', 30, '2025-12-28 00:00:00', '2026-01-24 00:00:00'),
(108, 386, 5, 4775.95, 'sold', 21, '2025-07-16 00:00:00', '2025-08-06 00:00:00'),
(109, 388, 2, 19446.29, 'sold', 7, '2025-12-02 00:00:00', '2026-01-23 00:00:00'),
(110, 389, 8, 13918.25, 'sold', 37, '2026-01-09 00:00:00', '2026-02-23 00:00:00'),
(111, 391, 7, 12868.96, 'sold', 34, '2025-07-23 00:00:00', '2025-09-18 00:00:00'),
(112, 393, 6, 9122.61, 'sold', 26, '2025-08-08 00:00:00', '2025-08-26 00:00:00'),
(113, 402, 2, 11842.44, 'sold', 10, '2025-07-10 00:00:00', '2025-08-12 00:00:00'),
(114, 406, 2, 5018.6, 'sold', 10, '2025-09-03 00:00:00', '2025-09-17 00:00:00'),
(115, 413, 1, 18092.28, 'sold', 1, '2025-10-05 00:00:00', '2025-10-21 00:00:00'),
(116, 418, 2, 9458.11, 'sold', 8, '2025-07-19 00:00:00', '2025-08-29 00:00:00'),
(117, 419, 1, 10065.11, 'sold', 6, '2025-07-17 00:00:00', '2025-09-01 00:00:00'),
(118, 433, 5, 5999.86, 'sold', 21, '2025-07-12 00:00:00', '2025-07-28 00:00:00'),
(119, 458, 8, 16441.23, 'sold', 39, '2025-07-19 00:00:00', '2025-07-28 00:00:00'),
(120, 459, 1, 3298.69, 'sold', 4, '2025-08-02 00:00:00', '2025-09-05 00:00:00'),
(121, 464, 1, 18228.06, 'sold', 4, '2025-06-26 00:00:00', '2025-08-16 00:00:00'),
(122, 466, 2, 10772.18, 'sold', 7, '2025-11-02 00:00:00', '2025-11-13 00:00:00'),
(123, 469, 6, 7868.57, 'sold', 24, '2025-06-29 00:00:00', '2025-08-25 00:00:00'),
(124, 482, 1, 764.27, 'sold', 6, '2026-01-26 00:00:00', '2026-02-02 00:00:00'),
(125, 487, 4, 3077.49, 'sold', 15, '2025-08-08 00:00:00', '2025-08-22 00:00:00');

-- EXTERNAL MATCHES
INSERT INTO external_matches (id, listing_id, material_item_id, seller_org_id, buyer_org_id, buyer_user_id, agreed_price_sek, status, co2_saved_kg, proposed_at, completed_at) VALUES
(1, 75, 32, 6, 7, 34, 736.2, 'completed', 287.497, '2025-07-28 00:00:00', '2025-09-05 00:00:00'),
(2, 76, 45, 7, 6, 26, 15422.6, 'accepted', 46.073, '2026-01-11 00:00:00', NULL),
(3, 77, 52, 1, 6, 27, 14770.64, 'completed', 146.278, '2025-09-01 00:00:00', '2025-09-09 00:00:00'),
(4, 78, 53, 6, 5, 21, 11481.0, 'accepted', 248.353, '2025-07-27 00:00:00', NULL),
(5, 79, 56, 2, 6, 26, 2294.91, 'completed', 127.509, '2025-07-01 00:00:00', '2025-07-20 00:00:00'),
(6, 80, 68, 7, 1, 2, 7974.87, 'accepted', 198.333, '2025-08-27 00:00:00', NULL),
(7, 81, 118, 5, 7, 33, 12518.41, 'completed', 270.976, '2025-11-03 00:00:00', '2025-11-18 00:00:00'),
(8, 82, 125, 3, 1, 2, 2280.38, 'completed', 110.406, '2025-12-05 00:00:00', '2025-12-31 00:00:00'),
(9, 83, 134, 8, 1, 3, 16658.09, 'completed', 269.198, '2025-12-02 00:00:00', '2025-12-16 00:00:00'),
(10, 84, 147, 4, 2, 10, 9783.41, 'completed', 205.433, '2025-08-08 00:00:00', '2025-09-01 00:00:00'),
(11, 85, 179, 7, 5, 21, 6596.75, 'accepted', 275.289, '2025-12-17 00:00:00', NULL),
(12, 86, 192, 6, 3, 13, 14687.59, 'completed', 27.529, '2025-07-01 00:00:00', '2025-07-15 00:00:00'),
(13, 87, 194, 5, 8, 36, 6104.48, 'completed', 217.796, '2026-01-18 00:00:00', '2026-02-22 00:00:00'),
(14, 88, 196, 8, 7, 30, 2480.37, 'completed', 219.379, '2025-08-07 00:00:00', '2025-08-17 00:00:00'),
(15, 89, 209, 7, 3, 12, 3682.77, 'completed', 99.198, '2025-10-17 00:00:00', '2025-11-21 00:00:00'),
(16, 90, 214, 5, 7, 33, 11030.5, 'completed', 45.775, '2025-12-15 00:00:00', '2026-01-04 00:00:00'),
(17, 91, 232, 7, 4, 18, 10113.44, 'completed', 150.317, '2025-11-15 00:00:00', '2025-12-04 00:00:00'),
(18, 92, 246, 7, 4, 15, 10666.87, 'completed', 175.474, '2025-12-25 00:00:00', '2026-01-13 00:00:00'),
(19, 93, 250, 7, 6, 24, 4615.88, 'accepted', 298.202, '2025-07-05 00:00:00', NULL),
(20, 94, 259, 8, 3, 14, 17258.28, 'completed', 22.575, '2025-09-28 00:00:00', '2025-10-26 00:00:00'),
(21, 95, 269, 5, 8, 36, 5657.2, 'accepted', 256.727, '2025-10-16 00:00:00', NULL),
(22, 96, 274, 1, 3, 12, 14986.88, 'accepted', 45.651, '2025-12-26 00:00:00', NULL),
(23, 97, 281, 2, 7, 31, 7105.56, 'accepted', 289.649, '2025-10-04 00:00:00', NULL),
(24, 98, 291, 4, 1, 6, 2355.17, 'completed', 145.664, '2025-11-30 00:00:00', '2025-12-15 00:00:00'),
(25, 99, 296, 6, 1, 2, 6891.77, 'accepted', 27.734, '2025-11-23 00:00:00', NULL),
(26, 100, 308, 4, 8, 38, 3120.05, 'accepted', 224.35, '2026-01-08 00:00:00', NULL),
(27, 101, 315, 6, 5, 21, 8728.23, 'completed', 135.972, '2025-12-13 00:00:00', '2025-12-18 00:00:00'),
(28, 102, 316, 7, 3, 11, 3228.03, 'completed', 14.475, '2026-01-09 00:00:00', '2026-01-25 00:00:00'),
(29, 103, 319, 2, 6, 25, 690.18, 'completed', 205.572, '2026-02-10 00:00:00', '2026-03-16 00:00:00'),
(30, 104, 356, 2, 6, 29, 15016.57, 'completed', 153.052, '2025-12-29 00:00:00', '2026-01-17 00:00:00'),
(31, 105, 361, 6, 4, 16, 5256.98, 'accepted', 116.38, '2025-08-02 00:00:00', NULL),
(32, 106, 373, 3, 7, 31, 7507.04, 'accepted', 120.726, '2026-01-27 00:00:00', NULL),
(33, 107, 374, 7, 6, 28, 11088.96, 'accepted', 209.266, '2025-10-31 00:00:00', NULL),
(34, 108, 386, 5, 3, 14, 14976.94, 'accepted', 241.985, '2025-12-13 00:00:00', NULL),
(35, 109, 388, 2, 5, 20, 5223.59, 'accepted', 111.997, '2026-01-16 00:00:00', NULL),
(36, 110, 389, 8, 7, 32, 990.86, 'completed', 164.763, '2025-07-17 00:00:00', '2025-08-04 00:00:00'),
(37, 111, 391, 7, 5, 19, 13739.13, 'completed', 167.749, '2025-12-11 00:00:00', '2025-12-18 00:00:00'),
(38, 112, 393, 6, 2, 9, 1988.19, 'completed', 18.238, '2026-01-19 00:00:00', '2026-02-23 00:00:00'),
(39, 113, 402, 2, 1, 1, 6005.16, 'completed', 7.501, '2025-09-30 00:00:00', '2025-10-23 00:00:00'),
(40, 114, 406, 2, 5, 23, 3910.46, 'completed', 219.078, '2025-08-03 00:00:00', '2025-08-14 00:00:00'),
(41, 115, 413, 1, 4, 18, 16188.95, 'completed', 153.142, '2026-01-15 00:00:00', '2026-01-29 00:00:00'),
(42, 116, 418, 2, 1, 5, 14431.21, 'completed', 261.3, '2025-07-10 00:00:00', '2025-08-02 00:00:00'),
(43, 117, 419, 1, 3, 12, 12441.54, 'accepted', 189.656, '2025-12-31 00:00:00', NULL),
(44, 118, 433, 5, 2, 8, 14630.83, 'completed', 231.804, '2025-08-11 00:00:00', '2025-09-17 00:00:00'),
(45, 119, 458, 8, 5, 23, 11899.41, 'completed', 105.718, '2026-01-18 00:00:00', '2026-01-31 00:00:00'),
(46, 120, 459, 1, 4, 17, 6805.54, 'completed', 132.116, '2026-02-14 00:00:00', '2026-03-15 00:00:00'),
(47, 121, 464, 1, 3, 12, 17947.67, 'completed', 287.615, '2025-11-23 00:00:00', '2026-01-07 00:00:00'),
(48, 122, 466, 2, 5, 19, 14582.71, 'accepted', 261.785, '2025-11-18 00:00:00', NULL),
(49, 123, 469, 6, 8, 35, 9230.96, 'completed', 55.067, '2025-09-14 00:00:00', '2025-09-29 00:00:00'),
(50, 124, 482, 1, 2, 9, 10588.95, 'completed', 25.985, '2025-12-29 00:00:00', '2026-02-01 00:00:00'),
(51, 125, 487, 4, 3, 14, 17623.47, 'completed', 135.403, '2025-08-05 00:00:00', '2025-08-17 00:00:00');

-- WISHLISTS
INSERT INTO wishlists (id, user_id, org_id, category_id, subcategory_id, status, notified_at, fulfilled_by_item_id, created_at) VALUES
(1, 35, 8, 6, 66, 'pending', NULL, NULL, '2025-07-06 00:00:00'),
(2, 37, 8, 9, 99, 'pending', NULL, NULL, '2025-11-28 00:00:00'),
(3, 37, 8, 1, 10, 'fulfilled', NULL, 388, '2025-09-03 00:00:00'),
(4, 2, 1, 2, NULL, 'pending', NULL, NULL, '2025-11-21 00:00:00'),
(5, 8, 2, 7, 71, 'pending', NULL, NULL, '2025-12-26 00:00:00'),
(6, 35, 8, 2, NULL, 'pending', NULL, NULL, '2025-11-20 00:00:00'),
(7, 31, 7, 7, NULL, 'pending', NULL, NULL, '2026-01-04 00:00:00'),
(8, 18, 4, 2, NULL, 'pending', NULL, NULL, '2025-07-19 00:00:00'),
(9, 36, 8, 4, NULL, 'pending', NULL, NULL, '2025-11-11 00:00:00'),
(10, 3, 1, 7, 73, 'pending', NULL, NULL, '2025-05-12 00:00:00'),
(11, 32, 7, 5, 51, 'pending', NULL, NULL, '2025-09-18 00:00:00'),
(12, 30, 7, 5, 57, 'expired', NULL, NULL, '2026-01-24 00:00:00'),
(13, 17, 4, 3, 31, 'expired', NULL, NULL, '2025-12-06 00:00:00'),
(14, 26, 6, 3, NULL, 'expired', NULL, NULL, '2026-01-02 00:00:00'),
(15, 39, 8, 3, 36, 'pending', NULL, NULL, '2026-02-17 00:00:00'),
(16, 30, 7, 9, 97, 'pending', NULL, NULL, '2026-02-21 00:00:00'),
(17, 13, 3, 6, NULL, 'expired', NULL, NULL, '2025-07-15 00:00:00'),
(18, 37, 8, 2, 26, 'pending', NULL, NULL, '2025-05-02 00:00:00'),
(19, 36, 8, 8, 89, 'pending', NULL, NULL, '2025-08-20 00:00:00'),
(20, 18, 4, 9, 100, 'pending', NULL, NULL, '2025-08-16 00:00:00'),
(21, 15, 4, 6, 60, 'pending', NULL, NULL, '2025-10-05 00:00:00'),
(22, 10, 2, 8, 85, 'pending', NULL, NULL, '2026-02-02 00:00:00'),
(23, 34, 7, 6, NULL, 'pending', NULL, NULL, '2025-12-06 00:00:00'),
(24, 25, 6, 9, 100, 'pending', NULL, NULL, '2025-12-10 00:00:00'),
(25, 23, 5, 2, 21, 'pending', NULL, NULL, '2025-05-09 00:00:00'),
(26, 30, 7, 8, 89, 'expired', NULL, NULL, '2025-06-21 00:00:00'),
(27, 39, 8, 1, 16, 'pending', NULL, NULL, '2025-12-19 00:00:00'),
(28, 30, 7, 4, 41, 'pending', NULL, NULL, '2025-12-24 00:00:00'),
(29, 33, 7, 1, 13, 'notified', NULL, NULL, '2025-09-15 00:00:00'),
(30, 21, 5, 7, 70, 'expired', NULL, NULL, '2025-11-29 00:00:00'),
(31, 1, 1, 1, NULL, 'pending', NULL, NULL, '2026-01-21 00:00:00'),
(32, 26, 6, 3, 36, 'pending', NULL, NULL, '2025-11-17 00:00:00'),
(33, 18, 4, 1, 19, 'pending', NULL, NULL, '2025-11-16 00:00:00'),
(34, 14, 3, 6, 66, 'pending', NULL, NULL, '2025-07-04 00:00:00'),
(35, 10, 2, 5, 52, 'expired', NULL, NULL, '2025-08-13 00:00:00'),
(36, 7, 2, 1, 19, 'pending', NULL, NULL, '2026-02-03 00:00:00'),
(37, 10, 2, 1, 12, 'expired', NULL, NULL, '2025-10-31 00:00:00'),
(38, 12, 3, 4, NULL, 'notified', NULL, NULL, '2025-09-03 00:00:00'),
(39, 32, 7, 1, NULL, 'expired', NULL, NULL, '2025-05-12 00:00:00'),
(40, 7, 2, 8, 81, 'pending', NULL, NULL, '2025-09-22 00:00:00'),
(41, 20, 5, 2, NULL, 'fulfilled', NULL, 460, '2025-08-15 00:00:00'),
(42, 10, 2, 1, 17, 'expired', NULL, NULL, '2025-06-09 00:00:00'),
(43, 18, 4, 7, 77, 'fulfilled', NULL, 371, '2025-08-01 00:00:00'),
(44, 2, 1, 1, NULL, 'pending', NULL, NULL, '2025-10-25 00:00:00'),
(45, 39, 8, 9, NULL, 'notified', NULL, NULL, '2025-09-08 00:00:00'),
(46, 8, 2, 1, 18, 'notified', NULL, NULL, '2025-07-18 00:00:00'),
(47, 17, 4, 2, 20, 'pending', NULL, NULL, '2025-08-21 00:00:00'),
(48, 8, 2, 5, NULL, 'pending', NULL, NULL, '2025-06-17 00:00:00'),
(49, 29, 6, 9, 101, 'fulfilled', NULL, 52, '2026-01-09 00:00:00'),
(50, 31, 7, 5, NULL, 'notified', NULL, NULL, '2025-09-21 00:00:00'),
(51, 30, 7, 5, NULL, 'pending', NULL, NULL, '2026-01-05 00:00:00'),
(52, 33, 7, 7, 74, 'fulfilled', NULL, 464, '2025-06-25 00:00:00'),
(53, 33, 7, 4, 45, 'expired', NULL, NULL, '2025-06-02 00:00:00'),
(54, 36, 8, 1, 14, 'notified', NULL, NULL, '2025-09-28 00:00:00'),
(55, 27, 6, 1, NULL, 'fulfilled', NULL, 253, '2025-12-06 00:00:00'),
(56, 25, 6, 2, NULL, 'pending', NULL, NULL, '2025-07-14 00:00:00'),
(57, 24, 6, 1, NULL, 'pending', NULL, NULL, '2025-10-16 00:00:00'),
(58, 18, 4, 6, 68, 'pending', NULL, NULL, '2025-09-23 00:00:00'),
(59, 16, 4, 2, 29, 'expired', NULL, NULL, '2025-06-08 00:00:00'),
(60, 33, 7, 6, 63, 'pending', NULL, NULL, '2026-01-08 00:00:00');
